position,variable,label,block,type,n_valid,n_missing,min,max,mean,value_labels,derivation
1,WPID_RANDOM,Random unique case ID,harmonised,numeric,143459,0,111112092.0,211110461.0,161084303.103667,,As supplied.
2,Wave,World Risk Poll wave,harmonised,numeric,143459,0,4.0,4.0,,1 = 2019 (Wave 1) | 2 = 2021 (Wave 2) | 3 = 2023 (Wave 3) | 4 = 2025 (Wave 4),Constant.
3,Year,Year of fieldwork,harmonised,numeric,143459,0,2025.0,2025.0,2025.0,,Constant.
4,WP5,Gallup country code,harmonised,numeric,143459,0,1.0,198.0,84.341192,,As supplied.
5,Country,Country/area name,harmonised,string,143459,0,,,,,As supplied.
6,COUNTRY_ISO2,Country ISO alpha-2 code,harmonised,string,143459,0,,,,,"Mapped from WP5. Belarus, Rwanda and Turkmenistan added by hand: they appear only in 2019."
7,COUNTRY_ISO3,Country ISO alpha-3 code,harmonised,string,143459,0,,,,,"Mapped from WP5. Belarus, Rwanda and Turkmenistan added by hand: they appear only in 2019."
8,GlobalRegion,Global region (World Risk Poll report definition),harmonised,numeric,143459,0,1.0,15.0,,1 = Eastern Africa | 2 = Central/Western Africa | 3 = Northern Africa | 4 = Southern Africa | 5 = Latin America & the Caribbean | 6 = Northern America | 7 = Central Asia | 8 = Eastern Asia | 9 = Southeastern Asia | 10 = Southern Asia | 11 = Middle East | 12 = Eastern Europe | 13 = Northern/Western Europe | 14 = Southern Europe | 15 = Australia & New Zealand,As supplied; label wording standardised to the 2025 release.
9,CountryIncomeLevel,Country income group at time of fieldwork (World Bank FY2024-25),harmonised,numeric,143459,0,1.0,9.0,,1 = Low income | 2 = Lower-middle income | 3 = Upper-middle income | 4 = High income | 9 = Not classified,From CountryIncomeLevel2025. Classification contemporaneous with fieldwork.
10,WGT,Within-country survey weight,harmonised,numeric,143459,0,0.060464,6.184818,1.0,,As supplied.
11,PROJWT,Population projection weight (single-year or time-series analysis),harmonised,numeric,143459,0,110.674615,1876220.533313,40435.892053,,As supplied.
12,Age,Age in years,harmonised,numeric,143187,272,15.0,99.0,43.272043,,"Age 100 in the source files is Gallup's don't know/refused code and is set to missing here, matching LRF's own age-band treatment."
13,AgeGroups3,Age - 3 bands,harmonised,numeric,143187,272,1.0,3.0,,1 = 15-29 | 2 = 30-49 | 3 = 50 and over,Derived from Age. Identical banding in all four waves.
14,AgeGroups4,Age - 4 bands,harmonised,numeric,143187,272,1.0,4.0,,1 = 15-29 | 2 = 30-49 | 3 = 50-64 | 4 = 65 and over,Derived from Age. Identical banding in all four waves.
15,AgeGroups5,Age - 5 bands,harmonised,numeric,143187,272,1.0,5.0,,1 = 15-24 | 2 = 25-34 | 3 = 35-49 | 4 = 50-64 | 5 = 65 and over,Derived from Age. Identical banding in all four waves.
16,Gender,Gender,harmonised,numeric,143459,0,1.0,2.0,,1 = Male | 2 = Female,As supplied.
17,Education,Education level,harmonised,numeric,143459,0,1.0,9.0,,1 = Primary or less (up to 8 years) | 2 = Secondary (9-15 years) | 3 = Tertiary (16 years or more) | 9 = DK/Refused,Codes 1-3 as supplied; don't know and refused collapsed to 9.
18,Urbanicity,Urban/rural - 6 categories,harmonised,numeric,143459,0,1.0,9.0,,1 = A rural area or on a farm | 2 = A small town or village | 3 = A large city | 6 = A suburb of a large city | 9 = DK/Refused,As supplied (6-category). Don't know and refused collapsed to 9.
19,Urbanicity2,Urban/rural - 2 categories,harmonised,numeric,143459,0,1.0,9.0,,1 = Rural area or small town | 2 = Large city or suburb | 9 = DK/Refused,"Collapsed from Urbanicity: rural area and small town to 1, large city and suburb to 2."
20,EMP_2010,Employment status,harmonised,numeric,143459,0,1.0,6.0,,"1 = Employed full time for an employer | 2 = Employed full time for self | 3 = Employed part time, does not want full time | 4 = Unemployed | 5 = Employed part time, wants full time | 6 = Out of workforce",As supplied.
21,INCOME_5,Per capita income quintile,harmonised,numeric,142459,1000,1.0,5.0,,1 = Poorest 20% | 2 = Second 20% | 3 = Middle 20% | 4 = Fourth 20% | 5 = Richest 20%,As supplied.
22,HouseholdSize,Household size (Household size as supplied in the wave 4 release),harmonised,numeric,142459,1000,1.0,4.0,,1 = 1-2 people | 2 = 3-4 people | 3 = 5-9 people | 4 = 10 or more | 9 = DK/Refused,Codes 1-4 as supplied; don't know and refused collapsed to 9. Note the definition is not identical across waves: see the wave notes.
23,ChildrenInHousehold,Children under 15 in household,harmonised,numeric,143459,0,0.0,9.0,,0 = None | 1 = One | 2 = Two | 3 = Three | 4 = Four | 5 = Five or more | 9 = DK/Refused,Recoded: 99 (don't know/refused) to 9.
24,worry_score,"Worry score, 5 common items, 0-1 (comparable across all waves)",harmonised,numeric,138355,5104,0.0,1.0,0.418604,,"Mean of the five worry items asked in identical form in every wave (food, drinking water, violent crime, severe weather, mental health), scored very worried 1, somewhat worried 0.5, not worried 0. All five must be answered."
25,worry_score_core7,"Worry score, 7 items, 0-1 (comparable 2021-2025)",harmonised,numeric,137813,5646,0.0,1.0,0.436087,,"As worry_score plus worry about traffic accidents and about your own work. The six items put to everyone must be answered; the work item, asked of workers only, counts where present."
26,worry_index_published,Worry index as published by LRF for this wave,harmonised,numeric,135256,8203,0.0,1.0,0.4187,,"worry_index as published for wave 4: simple mean of the ten 2025 worry items (the seven earlier ones plus air quality, prolonged severe weather and wildfires). Not comparable across waves: both the item set and the construction change. Use worry_score for trends."
27,experience_score,"Experience score, 5 common items, any experience, 0-1 (comparable across waves)",harmonised,numeric,139670,3789,0.0,1.0,0.214473,,"Proportion of the five common items on which the respondent reports harm in the past two years. Counts personally experienced, knows someone who has, and both. This matches LRF's own harm_*_trended recode and is the series that lines up with 2019. All five items must be answered."
28,experience_score_self,"Experience score, 5 common items, personally experienced, 0-1",harmonised,numeric,139670,3789,0.0,1.0,0.079986,,"Counts personally experienced and both, excluding knows someone who has. Comparable 2021-2025 and consistent with the published wave 3 experience index. Against 2019 it drops sharply, because the added knows-someone option pulls self-reports out of the personal category."
29,experience_score_core7,"Experience score, 7 items, any experience, 0-1 (comparable 2021-2025)",harmonised,numeric,138823,4636,0.0,1.0,0.234428,,As experience_score plus harm from traffic accidents and from work. All seven items must be answered.
30,experience_index_published,Experience index as published by LRF for this wave,harmonised,numeric,0,143459,,,,,Empty: LRF published no experience index for wave 4. Use experience_score or experience_score_core7.
31,worry_exp_gap,worry_score minus experience_score,harmonised,numeric,135853,7606,-1.0,1.0,0.201481,,"worry_score minus experience_score, both on the five common items."
32,resilience_index,"Resilience Index, 0-1",harmonised,numeric,142258,1201,0.0,1.0,0.567615,,"As supplied, divided by 100: the wave 4 release carries it on a 0-100 scale."
33,resilience_index_100,"Resilience Index, 0-100",harmonised,numeric,142258,1201,0.0,100.0,56.7615,,resilience_index multiplied by 100.
34,resilience_idv,"Resilience: individual dimension, 0-1",harmonised,numeric,143387,72,0.0,1.0,0.480363,,"As supplied, divided by 100."
35,resilience_hhl,"Resilience: household dimension, 0-1",harmonised,numeric,143430,29,0.0,1.0,0.5679,,"As supplied, divided by 100."
36,resilience_com,"Resilience: community dimension, 0-1",harmonised,numeric,143457,2,0.0,1.0,0.602216,,"As supplied, divided by 100."
37,resilience_soc,"Resilience: society dimension, 0-1",harmonised,numeric,142349,1110,0.0,1.0,0.623324,,"As supplied, divided by 100."
38,WP1223,Marital Status,wave-specific,numeric,143459,0,1.0,8.0,,1 = Single/Never been married | 2 = Married | 3 = Separated | 4 = Divorced | 5 = Widowed | 6 = (DK) | 7 = (Refused) | 8 = Domestic partner,As supplied in the source file for this wave.
39,WP22331,Greatest Source of Risk to Safety in Your Daily Life (Coded),wave-specific,numeric,143459,0,1.0,99.0,,"1 = TRANSPORTATION: Road-related accidents/injuries (such as using a bicycle, car, motorbike, truck, van, bus, | 2 = TRANSPORTATION: Other transportation-related accidents/injuries (such as subway, train, plane, boat, etc.) | 3 = CRIME/VIOLENCE (including domestic violence, violence outside the home, and other crimes) | 4 = WAR/TERRORISM | 5 = HEALTH: personal health condition/illness | 6 = HEALTH: drugs, alcohol, smoking | 7 = HEALTH: COVID-19/Coronavirus related | 8 = HEALTH: Mental stress/exhaustion/falling/tripping | 9 = FINANCIAL: not having enough money to pay for the things you need | 10 = ECONOMY: Economy-related, such as unemployment, losing your job, high prices | 11 = POLITICS: Politics/political situation/corruption | 12 = TECHNOLOGY: Internet/technology related risks | 13 = WATER: Water supply or drinking unclean water | 14 = FOOD-RELATED: eating unsafe or contaminated food | 15 = FOOD-RELATED: insufficient or lack of food (hunger), not enough money for food | 16 = COOKING or other household accidents/injuries | 17 = WORK: Work-related accidents: physical injuries | 18 = ENVIRONMENT: Pollution | 19 = ENVIRONMENT: Climate change or severe weather-related events, such as floods, drought, wildfires, etc. | 20 = ENVIRONMENT: Non-weather-related disasters, such as earthquakes or volcanoes | 21 = DROWNING | 22 = Other | 23 = Nothing/No risks | 98 = Don’t know | 99 = Refused",As supplied in the source file for this wave.
40,WP20719,Climate Change a Threat to Country in Next 20 Years,wave-specific,numeric,143459,0,1.0,99.0,,1 = Very serious threat | 2 = Somewhat serious threat | 3 = Not a threat at all | 98 = Dont know | 99 = (Refused),As supplied in the source file for this wave.
41,WP24225,Most Other People in (Country) View Climate Change as Threat to Country in Next 20 Years,wave-specific,numeric,143459,0,1.0,99.0,,1 = Very serious threat | 2 = Somewhat serious threat | 3 = Not a threat at all | 98 = (DK) | 99 = (Refused),As supplied in the source file for this wave.
42,WP20720,Worried Food You Eat Could Cause Serious Harm,wave-specific,numeric,143459,0,1.0,99.0,,1 = Very worried | 2 = Somewhat worried | 3 = Not worried | 98 = (DK) | 99 = (Refused),As supplied in the source file for this wave.
43,WP20721,Worried Water You Drink Could Cause Serious Harm,wave-specific,numeric,143459,0,1.0,99.0,,1 = Very worried | 2 = Somewhat worried | 3 = Not worried | 98 = (DK) | 99 = (Refused),As supplied in the source file for this wave.
44,WP20722,Worried Violent Crime Could Cause Serious Harm,wave-specific,numeric,143459,0,1.0,99.0,,1 = Very worried | 2 = Somewhat worried | 3 = Not worried | 98 = (DK) | 99 = (Refused),As supplied in the source file for this wave.
45,WP22213,Worried Traffic or Roadside Accident Could Cause Serious Harm,wave-specific,numeric,143459,0,1.0,99.0,,1 = Very worried | 2 = Somewhat worried | 3 = Not worried | 98 = (DK) | 99 = (Refused),As supplied in the source file for this wave.
46,WP22214,Worried The Work You Do Could Cause Serious Harm,wave-specific,numeric,82340,61119,1.0,99.0,,1 = Very worried | 2 = Somewhat worried | 3 = Not worried | 98 = (DK) | 99 = (Refused),As supplied in the source file for this wave.
47,WP20726,Worried Mental Health Issues Could Cause Serious Harm,wave-specific,numeric,143459,0,1.0,99.0,,1 = Very worried | 2 = Somewhat worried | 3 = Not worried | 98 = (DK) | 99 = (Refused),As supplied in the source file for this wave.
48,WP24175,Worried the Air You Breathe Could Cause Serious Harm,wave-specific,numeric,143459,0,1.0,99.0,,1 = Very worried | 2 = Somewhat worried | 3 = Not worried | 98 = (DK) | 99 = (Refused),As supplied in the source file for this wave.
49,WP20723,Worried Severe Weather Events Could Cause Serious Harm,wave-specific,numeric,143459,0,1.0,99.0,,1 = Very worried | 2 = Somewhat worried | 3 = Not worried | 98 = (DK) | 99 = (Refused),As supplied in the source file for this wave.
50,WP24174,Worried Severe Prolonged Weather Events Could Cause Serious Harm,wave-specific,numeric,143459,0,1.0,99.0,,1 = Very worried | 2 = Somewhat worried | 3 = Not worried | 98 = (DK) | 99 = (Refused),As supplied in the source file for this wave.
51,WP24173,Worried Wildfires Could Cause Serious Harm,wave-specific,numeric,143459,0,1.0,99.0,,1 = Very worried | 2 = Somewhat worried | 3 = Not worried | 98 = (DK) | 99 = (Refused),As supplied in the source file for this wave.
52,WP22442,Experienced Harm in Past Two Years: Eating Food (You/Someone You Know),wave-specific,numeric,143459,0,1.0,99.0,,"1 = Yes, personally experienced | 2 = Yes, know someone who has experienced | 3 = Both | 4 = No | 98 = (DK) | 99 = (Refused)",As supplied in the source file for this wave.
53,WP22443,Experienced Harm in Past Two Years: Drinking Water (You/Someone You Know),wave-specific,numeric,143459,0,1.0,99.0,,"1 = Yes, personally experienced | 2 = Yes, know someone who has experienced | 3 = Both | 4 = No | 98 = (DK) | 99 = (Refused)",As supplied in the source file for this wave.
54,WP22444,Experienced Harm in Past Two Years: Violent Crime (You/Someone You Know),wave-specific,numeric,143459,0,1.0,99.0,,"1 = Yes, personally experienced | 2 = Yes, know someone who has experienced | 3 = Both | 4 = No | 98 = (DK) | 99 = (Refused)",As supplied in the source file for this wave.
55,WP22446,Experienced Harm in Past Two Years: Traffic/Roadside Accident (You/Someone You Know),wave-specific,numeric,143459,0,1.0,99.0,,"1 = Yes, personally experienced | 2 = Yes, know someone who has experienced | 3 = Both | 4 = No | 98 = (DK) | 99 = (Refused)",As supplied in the source file for this wave.
56,WP22448,Experienced Harm in Past Two Years: Work (You/Someone You Know),wave-specific,numeric,143459,0,1.0,99.0,,"1 = Yes, personally experienced | 2 = Yes, know someone who has experienced | 3 = Both | 4 = No | 98 = (DK) | 99 = (Refused)",As supplied in the source file for this wave.
57,WP22447,Experienced Harm in Past Two Years: Mental Health Issues (You/Someone You Know),wave-specific,numeric,143459,0,1.0,99.0,,"1 = Yes, personally experienced | 2 = Yes, know someone who has experienced | 3 = Both | 4 = No | 98 = (DK) | 99 = (Refused)",As supplied in the source file for this wave.
58,WP24178,Experienced Harm in Past Two Years: The Air You/They Breathe (You/Someone You Know),wave-specific,numeric,143459,0,1.0,99.0,,"1 = Yes, personally experienced | 2 = Yes, know someone who has experienced | 3 = Both | 4 = No | 98 = (DK) | 99 = (Refused)",As supplied in the source file for this wave.
59,WP22445,Experienced Harm in Past Two Years: Severe Weather Events (You/Someone You Know),wave-specific,numeric,143459,0,1.0,99.0,,"1 = Yes, personally experienced | 2 = Yes, know someone who has experienced | 3 = Both | 4 = No | 98 = (DK) | 99 = (Refused)",As supplied in the source file for this wave.
60,WP24177,Experienced Harm in Past Two Years: Severe Prolonged Weather Events (You/Someone You Know),wave-specific,numeric,143459,0,1.0,99.0,,"1 = Yes, personally experienced | 2 = Yes, know someone who has experienced | 3 = Both | 4 = No | 98 = (DK) | 99 = (Refused)",As supplied in the source file for this wave.
61,WP24176,Experienced Harm in Past Two Years: Wildfires (You/Someone You Know),wave-specific,numeric,143459,0,1.0,99.0,,"1 = Yes, personally experienced | 2 = Yes, know someone who has experienced | 3 = Both | 4 = No | 98 = (DK) | 99 = (Refused)",As supplied in the source file for this wave.
62,WP22228,How Long Household Could Cover Basic Needs If Income Was Lost,wave-specific,numeric,143459,0,1.0,99.0,,1 = Less than a month | 2 = A month or more | 98 = (DK) | 99 = (Refused),As supplied in the source file for this wave.
63,WP22229,Household Could Cover Basic Needs If Income Was Lost: Weeks,wave-specific,numeric,42733,100726,1.0,99.0,,1 = Less than a week | 2 = Between one and two weeks | 3 = Between two and four weeks | 98 = (DK) | 99 = (Refused),As supplied in the source file for this wave.
64,WP22230,Household Could Cover Basic Needs If Income Was Lost: Months,wave-specific,numeric,90289,53170,1.0,99.0,,1 = Around a month | 2 = Two months | 3 = Three months | 4 = Four months or more | 98 = (DK) | 99 = (Refused),As supplied in the source file for this wave.
65,WP22231_ALL,Government of country cares about your wellbeing (includes data from Myanmar and Vietnam),wave-specific,numeric,136423,7036,1.0,99.0,,1 = A lot | 2 = Somewhat | 3 = Not at all | 99 = (DK/Refused),As supplied in the source file for this wave.
66,WP22231,Government of (Country) Cares About You and Your Wellbeing,wave-specific,numeric,134420,9039,1.0,99.0,,1 = A lot | 2 = Somewhat | 3 = Not at all | 98 = (DK) | 99 = (Refused),As supplied in the source file for this wave.
67,WP22469,Authorities of (Country) Care About You and Your Wellbeing,wave-specific,numeric,1000,142459,1.0,98.0,,1 = A lot | 2 = Somewhat | 3 = Not at all | 98 = (DK),As supplied in the source file for this wave.
68,WP22525,Government of Myanmar Cares About You and Your Wellbeing,wave-specific,numeric,1003,142456,1.0,99.0,,1 = A lot | 2 = Somewhat | 3 = Not at all | 98 = (DK) | 99 = (Refused),As supplied in the source file for this wave.
69,WP22232,Neighbors Care About You and Your Wellbeing,wave-specific,numeric,143459,0,1.0,99.0,,1 = A lot | 2 = Somewhat | 3 = Not at all | 98 = (DK) | 99 = (Refused),As supplied in the source file for this wave.
70,WP24213,Impacted by a Disaster in Past Five Years in (Country),wave-specific,numeric,143459,0,1.0,99.0,,1 = Yes | 2 = No | 98 = (DK) | 99 = (Refused),As supplied in the source file for this wave.
71,WP24180,Type of Most Impactful Disaster Experienced in Past Five Years (Coded),wave-specific,numeric,25244,118215,1.0,99.0,,"1 = Flood/Heavy rain/Rainstorm | 2 = Hurricane/Cyclone/Typhoon | 3 = Tornado | 4 = Thunder or lightning storm | 5 = Tsunami | 6 = Mudslide/Landslide | 7 = Earthquake | 8 = Wildfire | 9 = Volcano eruption | 10 = Blizzard or snowstorm | 50 = Drought | 51 = Heatwave | 52 = Sandstorm | 53 = Gale force winds | 96 = Other - Nature related | 97 = Other - Not nature related (war, political instability, terrorism, violence, fire, health problem, etc.) | 98 = Dont know | 99 = Refused",As supplied in the source file for this wave.
72,WP24181,"Received Warning About Disaster From Internet, Social Media, Websites or Apps",wave-specific,numeric,24249,119210,1.0,99.0,,1 = Yes | 2 = No | 97 = (Does not apply) | 98 = (DK) | 99 = (Refused),As supplied in the source file for this wave.
73,WP24182,Received Warning About Disaster From Radio,wave-specific,numeric,24249,119210,1.0,99.0,,1 = Yes | 2 = No | 97 = (Does not apply) | 98 = (DK) | 99 = (Refused),As supplied in the source file for this wave.
74,WP24183,Received Warning About Disaster From Television,wave-specific,numeric,24249,119210,1.0,99.0,,1 = Yes | 2 = No | 97 = (Does not apply) | 98 = (DK) | 99 = (Refused),As supplied in the source file for this wave.
75,WP24184,Received Warning About Disaster From Printed Newspapers or Magazines,wave-specific,numeric,24249,119210,1.0,99.0,,1 = Yes | 2 = No | 97 = (Does not apply) | 98 = (DK) | 99 = (Refused),As supplied in the source file for this wave.
76,WP24186,Received Warning About Disaster From SMS/Text Messages on Mobile Phone,wave-specific,numeric,24249,119210,1.0,99.0,,1 = Yes | 2 = No | 97 = (Does not apply) | 98 = (DK) | 99 = (Refused),As supplied in the source file for this wave.
77,WP24185,Received Warning About Disaster From WhatsApp,wave-specific,numeric,24249,119210,1.0,99.0,,1 = Yes | 2 = No | 97 = (Does not apply) | 98 = (DK) | 99 = (Refused),As supplied in the source file for this wave.
78,WP24187,Received Warning About Disaster From Billboard,wave-specific,numeric,24249,119210,1.0,99.0,,1 = Yes | 2 = No | 97 = (Does not apply) | 98 = (DK) | 99 = (Refused),As supplied in the source file for this wave.
79,WP24188,"Received Warning About Disaster From Megaphone, Microphone, or Loudspeaker",wave-specific,numeric,24249,119210,1.0,99.0,,1 = Yes | 2 = No | 97 = (Does not apply) | 98 = (DK) | 99 = (Refused),As supplied in the source file for this wave.
80,WP24215,Able to Take Action Ahead of Disaster as Result of Advance Warning,wave-specific,numeric,16996,126463,1.0,99.0,,1 = Yes | 2 = No | 98 = (DK) | 99 = (Refused),As supplied in the source file for this wave.
81,WP22252,Could Protect Yourself or Family in a Future Disaster,wave-specific,numeric,143459,0,1.0,99.0,,1 = Yes | 2 = No | 3 = (It depends) | 98 = (DK) | 99 = (Refused),As supplied in the source file for this wave.
82,WP23345,Plan for Future Disaster Known by All Household Members Over 10 Years Old,wave-specific,numeric,143459,0,1.0,99.0,,1 = Yes | 2 = No | 98 = (DK) | 99 = (Refused),As supplied in the source file for this wave.
83,WP24198_ALL,National government is well-prepared to deal with disaster (includes Myanmar data),wave-specific,numeric,126771,16688,1.0,2.0,,"1 = Yes, well prepared | 2 = No, not well prepared | 99 = (DK/Refused)",As supplied in the source file for this wave.
84,WP24198,National Government Is Well Prepared to Deal With a Disaster,wave-specific,numeric,136431,7028,1.0,99.0,,"1 = Yes, well prepared | 2 = No, not well prepared | 98 = (DK) | 99 = (Refused)",As supplied in the source file for this wave.
85,WP24199,Local Government Is Well Prepared to Deal With a Disaster,wave-specific,numeric,137432,6027,1.0,99.0,,"1 = Yes, well prepared | 2 = No, not well prepared | 98 = (DK) | 99 = (Refused)",As supplied in the source file for this wave.
86,WP22259,Experienced Discrimination Due to the Color of Your Skin,wave-specific,numeric,141441,2018,1.0,99.0,,1 = Yes | 2 = No | 97 = (Does not apply) | 98 = (DK) | 99 = (Refused),As supplied in the source file for this wave.
87,WP22260,Experienced Discrimination Due to Your Religion,wave-specific,numeric,139441,4018,1.0,99.0,,1 = Yes | 2 = No | 97 = (Does not apply) | 98 = (DK) | 99 = (Refused),As supplied in the source file for this wave.
88,WP22261,Experienced Discrimination Due to Your Nationality/Ethnic Group,wave-specific,numeric,141441,2018,1.0,99.0,,1 = Yes | 2 = No | 97 = (Does not apply) | 98 = (DK) | 99 = (Refused),As supplied in the source file for this wave.
89,WP22262,Experienced Discrimination Due to Your Gender,wave-specific,numeric,141441,2018,1.0,99.0,,1 = Yes | 2 = No | 97 = (Does not apply) | 98 = (DK) | 99 = (Refused),As supplied in the source file for this wave.
90,WP22263,Experienced Discrimination Due to a Disability,wave-specific,numeric,141441,2018,1.0,99.0,,1 = Yes | 2 = No | 97 = (Does not apply) | 98 = (DK) | 99 = (Refused),As supplied in the source file for this wave.
91,REGION2_ALB,Region 2 Albania,wave-specific,numeric,1000,142459,1.0,3.0,,1 = North Albania | 2 = Central Albania | 3 = South Albania,As supplied in the source file for this wave.
92,REGION_ARE,Region United Arab Emirates,wave-specific,numeric,1000,142459,1.0,8.0,,1 = Abu Dhabi Emirate | 3 = Dubai Emirate | 4 = Sharjah Emirate | 5 = Ajman Emirate | 6 = Um Quwain Emirate | 7 = Ras Al Khaimah Emirate (RAK) | 8 = Fujairah Emirate,As supplied in the source file for this wave.
93,REGION2_ARG,Region 2 Argentina,wave-specific,numeric,1000,142459,1.0,6.0,,1 = Metropolitana | 2 = Pampeana | 3 = Cuyo | 4 = N.O.A. (Noroeste Argentino) | 5 = N.E.A. (Noreste Argentino) | 6 = Patagonia,As supplied in the source file for this wave.
94,REGION2_ARM,Region 2 Armenia,wave-specific,numeric,1001,142458,1.0,4.0,,1 = Capital | 2 = Central Armenia | 3 = North Armenia | 4 = South Armenia,As supplied in the source file for this wave.
95,REGION_AUS,Region Australia,wave-specific,numeric,1000,142459,1.0,98.0,,"1 = Sydney | 2 = New South Wales (NSW), excluding Sydney | 3 = Melbourne | 4 = Victoria (VIC), excluding Melbourne | 5 = Brisbane | 6 = Queensland (QLD), excluding Brisbane | 7 = Adelaide | 8 = South Australia (SA), excluding Adelaide | 9 = Perth | 10 = Western Australia (WA), excluding Perth | 11 = Hobart | 12 = Tasmania (TAS), excluding Hobart | 13 = Australian Capital Territory (ACT) | 14 = Darwin | 15 = Northern Territory (NT), excluding Darwin | 98 = (DK)",As supplied in the source file for this wave.
96,REGION_AUT,Region Austria,wave-specific,numeric,1010,142449,18011.0,18034.0,,18011 = Burgenland | 18012 = Lower Austria (Niederosterreich) | 18013 = Vienna (Wien) | 18021 = Carinthia (Karnten) | 18022 = Styria (Steiermark) | 18031 = Upper Austria (Oberosterreich) | 18032 = Salzburg | 18033 = Tyrol  (Tirol) | 18034 = Vorarlberg,As supplied in the source file for this wave.
97,REGION4_AZE,Respondent lives in:,wave-specific,numeric,1000,142459,1.0,14.0,,1 = Absheron-Khizi | 2 = Baku | 3 = Central Aran | 5 = Ganja-Dashkasan | 6 = Gazakh-Tovuz | 7 = Guba-Khachmaz | 8 = Karabakh | 9 = Lankaran-Astara | 10 = Mil-Mughan | 11 = Mountainous Shirvan | 13 = Shaki-Zagatala | 14 = Shirvan-Salyan,As supplied in the source file for this wave.
98,REGION_BEL,Region Belgium,wave-specific,numeric,1002,142457,10.0,999.0,,10 = Region de Bruxelles-Capitale / Brussels Hoofdstedelijk Gewest | 21 = Prov. Antwerpen | 22 = Prov. Limburg (B) | 23 = Prov. Oost-Vlaanderen | 24 = Prov. Vlaams-Brabant | 25 = Prov. West-Vlaanderen | 31 = Prov. Brabant Wallon | 32 = Prov. Hainaut | 33 = Prov. Liege | 34 = Prov. Luxembourg (B) | 35 = Prov. Namur | 999 = (Refused),As supplied in the source file for this wave.
99,REGION2_BEN,Region 2 Benin,wave-specific,numeric,1000,142459,1.0,12.0,,1 = ALIBORI | 2 = ATAKORA | 3 = ATLANTIQUE | 4 = BORGOU | 5 = COLLINES | 6 = COUFFO | 7 = DONGA | 8 = LITTORAL | 9 = MONO | 10 = OUEME | 11 = PLATEAUX | 12 = ZOU,As supplied in the source file for this wave.
100,REGION2_BFA,Region 2 Burkina Faso,wave-specific,numeric,1000,142459,1.0,13.0,,1 = Boucle du Mouhoun | 2 = Cascade | 3 = Centre | 4 = Centre East | 5 = Centre North | 6 = Centre South | 7 = Centre West | 8 = East | 9 = Hauts Bassins | 10 = North | 11 = Plateau Central | 12 = Sahel | 13 = South West,As supplied in the source file for this wave.
101,REGION_BGD,Region Bangladesh,wave-specific,numeric,1000,142459,1.0,8.0,,1 = Dhaka | 2 = Chittagong | 3 = Khulna | 4 = Rajshahi | 5 = Sylhet | 6 = Barisal | 7 = Rangpur | 8 = Mymensingh,As supplied in the source file for this wave.
102,REGION2_BGR,Region 2 Bulgaria,wave-specific,numeric,1015,142444,26011.0,26023.0,,26011 = North-West (Severozapaden) | 26012 = North-Central (Severen tsentralen) | 26013 = North-East (Severoiztochen) | 26021 = South-West (Yugozapaden) | 26022 = South-Central (Yuzhen tsentralen) | 26023 = South-East (Yugoiztochen),As supplied in the source file for this wave.
103,REGION4_BHR,Region 4 Bahrain,wave-specific,numeric,1011,142448,1.0,99.0,,1 = Hidd | 2 = Muharraq | 3 = Manama | 4 = Jiddafs | 5 = Northern | 6 = Sitra | 7 = Central (Al Wosta) | 8 = Issa Town | 9 = East Riffa | 10 = West Riffa | 11 = Hamad Town | 12 = Some other area in (Programmer: Insert the governorate provided in REGION3_BHR) | 98 = (DK) | 99 = (Refused),As supplied in the source file for this wave.
104,REGION2_BIH,Region 2 Bosnia,wave-specific,numeric,1004,142455,1.0,3.0,,1 = Federation of Bosnia and Herzegovina | 2 = West Bosnia and Herzegovina | 3 = Republika Srpska,As supplied in the source file for this wave.
105,REGION2_BOL,Region 2 Bolivia,wave-specific,numeric,1000,142459,1.0,3.0,,1 = Los Llanos | 2 = Valles (Valley) | 3 = Altiplano (High Plateau),As supplied in the source file for this wave.
106,REGION2_BRA,Region 2 Brazil,wave-specific,numeric,1000,142459,1.0,5.0,,1 = South (SU) | 2 = Southeast (SE) | 3 = Central-West (CO) | 4 = North (NO) | 5 = Northeast (NE),As supplied in the source file for this wave.
107,REGION2_BWA,Region 2 Botswana,wave-specific,numeric,1000,142459,1.0,10.0,,1 = Central District | 2 = North-West District | 3 = Ghanzi District | 4 = Kgalagadi District | 5 = Kgatleng District | 6 = Kweneng District | 7 = North-East District | 9 = South-East District | 10 = Southern District,As supplied in the source file for this wave.
108,REGION2_CAM,Region 2 Cameroon,wave-specific,numeric,1000,142459,1.0,4.0,,1 = Coastal Region | 2 = North | 3 = South | 4 = West,As supplied in the source file for this wave.
109,REGION2_CAN,Region 2 Canada,wave-specific,numeric,1017,142442,10.0,99.0,,10 = Newfoundland and Labrador | 11 = Prince Edward Island | 12 = Nova Scotia | 13 = New Brunswick | 24 = Quebec | 35 = Ontario | 46 = Manitoba | 47 = Saskatchewan | 48 = Alberta | 59 = British Columbia | 99 = (Refused),As supplied in the source file for this wave.
110,REGION2_CHE,Region 2 Switzerland,wave-specific,numeric,1010,142449,1.0,7.0,,1 = Lake Geneva region (CH01) | 2 = Espace Mittelland (CH02) | 3 = Northwestern Switzerland (CH03) | 4 = Zurich (CH04) | 5 = Eastern Switzerland (CH05) | 6 = Central Switzerland (CH06) | 7 = Ticino (CH07),As supplied in the source file for this wave.
111,REGION2_CHL,Region 2 Chile,wave-specific,numeric,1001,142458,1.0,4.0,,1 = Norte (North) | 2 = Sur (South) | 3 = Centro (Central) | 4 = RM,As supplied in the source file for this wave.
112,REGION2_CHN,Region 2 China,wave-specific,numeric,3010,140449,1.0,6.0,,1 = North | 2 = Northeast | 3 = East | 4 = South Central | 5 = Southwest | 6 = Northwest,As supplied in the source file for this wave.
113,REGION4_CIV,Region 4 Ivory Coast,wave-specific,numeric,1000,142459,1.0,33.0,,1 = Abidjan | 2 = Agneby-Tiassa | 4 = Bagoue | 5 = Belier | 6 = Bere | 8 = Cavally | 10 = Gbeke | 11 = Gbokle | 12 = Goh | 13 = Gontougo | 14 = Grands Ponts | 15 = Guemon | 16 = Hambol | 17 = Haut-Sassandra | 18 = Iffou | 19 = Indenie-Djuablin | 21 = La Me | 22 = Loh-Djiboua | 23 = Marahoue | 25 = Nawa | 27 = Poro | 28 = San-Pedro | 29 = Sud Comoe | 30 = Tchologo | 31 = Tonkpi | 33 = Yamoussoukro,As supplied in the source file for this wave.
114,REGION_COG,Region Congo Brazzaville,wave-specific,numeric,1000,142459,1.0,12.0,,1 = Bouenza | 2 = Brazzaville | 3 = Cuvette | 4 = Cuvette Ouest | 5 = Kouilou | 6 = Lekoumou | 7 = Likouala | 8 = Niari | 9 = Plateaux | 10 = Pool | 11 = Sangha | 12 = Pointe-Noire,As supplied in the source file for this wave.
115,REGION2_COL,Region2 Colombia,wave-specific,numeric,1003,142456,1.0,5.0,,1 = Bogotá | 2 = North Caribbean | 3 = Central East | 4 = Antioquia/Eje Cafetero | 5 = South West,As supplied in the source file for this wave.
116,REGION_COM,Region Comoros,wave-specific,numeric,1000,142459,1.0,3.0,,1 = Grande Comore (Ngazidja) | 2 = Anjouan (Ndzuwani) | 3 = Moheli (Mwali),As supplied in the source file for this wave.
117,REGION3_CRI,Region 3 Costa Rica,wave-specific,numeric,1000,142459,1.0,7.0,,1 = Gran Area Metropolitana | 3 = Chorotega | 4 = Pacífico Central | 5 = Brunca | 6 = Huetar Atlántico | 7 = Huetar Norte,As supplied in the source file for this wave.
118,REGION_CYP,Region Cyprus,wave-specific,numeric,1003,142456,1.0,5.0,,1 = Nicosia | 2 = Limassol | 3 = Larnaka | 4 = Famagusta | 5 = Pafos,As supplied in the source file for this wave.
119,REGION2_CZE,Region 2 Czech Republic,wave-specific,numeric,1005,142454,1.0,8.0,,1 = Prague | 2 = Central Bohemia | 3 = Southwest | 4 = Northwest | 5 = Northeast | 6 = Southeast | 7 = Central Moravia | 8 = Moravskoslezsko,As supplied in the source file for this wave.
120,REGION_DEU,Region Germany,wave-specific,numeric,1007,142452,4001.0,4016.0,,4001 = Schleswig-Holstein | 4002 = Hamburg | 4003 = Niedersachsen | 4004 = Bremen | 4005 = Nordrhein-Westfalen | 4006 = Hessen | 4007 = Rheinland-Pfalz | 4008 = Baden-Wurttemberg | 4009 = Bayern | 4010 = Saarland | 4011 = Berlin | 4012 = Brandenburg | 4013 = Mecklenburg-Vorpommern | 4014 = Sachsen | 4015 = Sachsen-Anhalt | 4016 = Thuringen,As supplied in the source file for this wave.
121,REGION2_DNK,Region2 Denmark,wave-specific,numeric,1004,142455,3001.0,3005.0,,3001 = Region Hovedstaden (Capital Region of Denmark) | 3002 = Region Sjaelland (Region Zealand) | 3003 = Region Syddanmark (Southern Denmark Region) | 3004 = Region Midtjylland (Central Denmark Region) | 3005 = Region Nordjylland (North Denmark Region),As supplied in the source file for this wave.
122,REGION2_DOM,Region2 Dominican Republic,wave-specific,numeric,1000,142459,1.0,6.0,,1 = National District | 2 = Santo Domingo | 3 = East Region | 4 = North West Region | 5 = North East Region | 6 = South Region,As supplied in the source file for this wave.
123,REGION_DRC,Region Congo Kinshasa,wave-specific,numeric,1000,142459,1.0,11.0,,1 = Bandundu | 2 = Bas Congo | 3 = Equateur | 4 = Kasai Occidental | 5 = Kasai Oriental | 6 = Katanga | 7 = Kinshasa | 8 = Maniema | 9 = Nord Kivu | 10 = Province Orientale | 11 = Sud Kivu,As supplied in the source file for this wave.
124,REGION2_DZA,Region 2 Algeria,wave-specific,numeric,1000,142459,1.0,98.0,,1 = North Central | 2 = Northeast | 3 = Northwest | 4 = Algiers | 5 = South | 98 = (DK),As supplied in the source file for this wave.
125,REGION2_ECU,Region 2 Ecuador,wave-specific,numeric,1000,142459,1.0,3.0,,1 = Costa (Coast) | 2 = Sierra (Mountain) | 3 = Oriente (East),As supplied in the source file for this wave.
126,REGION2_EGY,Region 2 Egypt,wave-specific,numeric,1000,142459,1.0,3.0,,1 = Urban Governorates | 2 = Northern Governorates (Nile Delta) | 3 = Southern Governorates (Upper Egypt),As supplied in the source file for this wave.
127,REGION2_ESP,Region 2 Spain,wave-specific,numeric,1012,142447,7001.0,7007.0,,7001 = North-West | 7002 = North-East | 7003 = Community of Madrid | 7004 = Centre | 7005 = East | 7006 = South | 7007 = The Canaries,As supplied in the source file for this wave.
128,REGION2_EST,Region 2 Estonia,wave-specific,numeric,1011,142448,1.0,8.0,,1 = North Estonia | 4 = West Estonia | 6 = Central Estonia | 7 = North-Eastern Estonia | 8 = South Estonia,As supplied in the source file for this wave.
129,REGION_ETH,Region Ethiopia,wave-specific,numeric,1000,142459,1.0,11.0,,1 = Addis Abeba | 2 = Afar | 4 = Benishangul | 5 = Diredawa | 6 = Gambella | 8 = Oromia | 9 = Somali | 10 = Southern | 11 = Tigray,As supplied in the source file for this wave.
130,REGION3_FIN,Region 3 Finland,wave-specific,numeric,1001,142458,1.0,4.0,,1 = FI19 Lansi-Suomi/Western Finland | 2 = FI1B Helsinki-Uusimaa/Region Uusimaa | 3 = FI1C Etela-Suomi/Southern Finland/FI12Aland | 4 = FI1D Pohjois-ja Ita-Suomi/North and East Finland,As supplied in the source file for this wave.
131,REGION3_FRA,Region 3 France,wave-specific,numeric,1007,142452,1.0,13.0,,1 = Grand Est | 2 = Nouvelle-Aquitaine | 3 = Auvergne Rhone-Alps | 4 = Bourgogne Franche-Comte | 5 = Brittany | 6 = Center-Val de Loire | 7 = Corsica | 8 = Paris-Isle-of-France | 9 = Occitanie | 10 = Hauts-de-France | 11 = Normandy | 12 = Pays de la Loire | 13 = Provence-Alpes-Cote dAzur/PACA,As supplied in the source file for this wave.
132,REGION_GAB,Region Gabon,wave-specific,numeric,1000,142459,1.0,9.0,,1 = Estuaire | 2 = Haut-Ogooue | 3 = Moyen-Ogooue | 4 = Ngounie | 5 = Nyanga | 6 = Ogooue-Ivindo | 7 = Ogooue-Lolo | 8 = Ogooue-Maritime | 9 = Woleu-Ntem,As supplied in the source file for this wave.
133,REGION_GBR,Region United Kingdom,wave-specific,numeric,1006,142453,1.0,12.0,,1 = East Midlands | 2 = East of England | 3 = London | 4 = North East | 5 = North West | 6 = Scotland | 7 = South East | 8 = South West | 9 = Wales | 10 = West Midlands | 11 = Yorkshire and The Humber | 12 = Northern Ireland,As supplied in the source file for this wave.
134,REGION2_GEO,Region2 Georgia,wave-specific,numeric,1000,142459,1.0,4.0,,1 = Capital | 2 = Western Georgia | 3 = Central Georgia | 4 = Eastern Georgia,As supplied in the source file for this wave.
135,REGION3_GHA,Region 3 Ghana,wave-specific,numeric,1000,142459,1.0,16.0,,1 = Ashanti | 2 = Bono Region | 3 = Bono East Region | 4 = Ahafo Region | 5 = Central | 6 = Eastern | 7 = Greater Accra | 8 = Northern | 9 = Savannah | 10 = North East | 11 = Upper East | 12 = Upper West | 13 = Volta Region | 14 = Oti | 15 = Western Region | 16 = Western North,As supplied in the source file for this wave.
136,REGION2_GMB,Region 2 Gambia,wave-specific,numeric,1008,142451,1.0,8.0,,1 = Banjul | 2 = Kanifing | 3 = Brikama | 4 = Janjanbureh | 5 = Kuntaur | 6 = Mansakonko | 7 = Kerewan | 8 = Basse,As supplied in the source file for this wave.
137,REGION_GRC,Region Greece,wave-specific,numeric,1006,142453,1.0,13.0,,1 = Attica | 2 = Central Greece | 3 = Central Macedonia | 4 = Crete | 5 = East Macedonia and Thrace | 6 = Epirus | 7 = Ionian Islands | 8 = North Aegean | 9 = Peloponnese | 10 = South Aegean | 11 = Thessaly | 12 = West Greece | 13 = West Macedonia,As supplied in the source file for this wave.
138,REGION2_GTM,Region 2 Guatemala,wave-specific,numeric,1002,142457,1.0,8.0,,1 = Metropolitan | 2 = North | 3 = Northeast | 4 = Southeast | 5 = Central | 6 = Southwest | 7 = Northwest | 8 = Petén,As supplied in the source file for this wave.
139,REGION2_GUI,Region 2 Guinea,wave-specific,numeric,1000,142459,1.0,4.0,,1 = Basse Guinee | 2 = Moyenne Guinee | 3 = Haute Guinee | 4 = Guinee Forestiere,As supplied in the source file for this wave.
140,REGION_HKG,Region Hong Kong,wave-specific,numeric,1004,142455,1.0,3.0,,1 = Hong Kong Island | 2 = Kowloon | 3 = New Territories,As supplied in the source file for this wave.
141,REGION2_HND,REGION 2 Honduras,wave-specific,numeric,1002,142457,1.0,7.0,,1 = South (Sur) | 2 = North-East (Nor Oriente) | 3 = Central - West (Centro Occidental) | 4 = Central - East (Centro Oriental) | 5 = North (Norte) | 6 = West | 7 = Atlantic Coast (Litoral Atlantico),As supplied in the source file for this wave.
142,REGION3_HRV,Region 3 Croatia,wave-specific,numeric,1007,142452,1.0,4.0,,1 = Panonska Hrvatska (HR02) | 2 = Jadranska Hrvatska (HR03) | 3 = Grad Zagreb (HR05) | 4 = Sjeverna Hrvatska (HR06),As supplied in the source file for this wave.
143,REGION2_HUN,Region 2 Hungary,wave-specific,numeric,1006,142453,1.0,7.0,,1 = Central Hungary | 2 = Southern Transdanubia | 3 = Southern Great Plains | 4 = Northern Hungary | 5 = Central Transdanubia | 6 = West Transdanubia | 7 = Northern Great Plains,As supplied in the source file for this wave.
144,REGION_ICL,Region Iceland,wave-specific,numeric,500,142959,1.0,2.0,,1 = Capital area | 2 = Outside the capital area,As supplied in the source file for this wave.
145,REGION2_IDN,Region2 Indonesia,wave-specific,numeric,1053,142406,1.0,8.0,,"1 = Sumatra | 2 = DKI Jakarta, Banten, West Java | 3 = Central Java, DI Yogjakarta | 4 = East Java | 5 = Kalimantan | 6 = Sulawesi | 7 = Bali, NTB, NTT | 8 = Indonesia Timur",As supplied in the source file for this wave.
146,REGION2_IND,Region 2 India,wave-specific,numeric,3058,140401,1.0,5.0,,1 = Central | 2 = East | 3 = West | 4 = North | 5 = South,As supplied in the source file for this wave.
147,REGION2_IRL,Region 2 Ireland,wave-specific,numeric,1009,142450,1.0,8.0,,1 = Border | 2 = Dublin | 3 = Mid-East | 4 = Midland | 5 = Mid-West | 6 = South-East | 7 = South-West | 8 = West,As supplied in the source file for this wave.
148,REGION_IRQ,Region Iraq,wave-specific,numeric,1033,142426,1.0,18.0,,1 = Baghdad | 2 = Basra | 3 = Najaf | 4 = Anbar | 5 = Kirkuk (Tamim) | 6 = Sulaymaniya | 7 = Arbil | 8 = Diyala | 9 = Ninawa | 10 = Dhi Qar | 11 = Babil | 12 = Maysan | 13 = Wasit | 14 = Salah ad-Din | 15 = Muthanna | 16 = Qadisiyyah | 17 = Karbala | 18 = Duhok,As supplied in the source file for this wave.
149,REGION_ISR,Region Israel,wave-specific,numeric,1001,142458,1.0,6.0,,1 = Jerusalem District | 2 = Northern District | 3 = Haifa District | 4 = Central District | 5 = Tel Aviv District | 6 = Southern District,As supplied in the source file for this wave.
150,REGION2_ITA,Region 2 Italy,wave-specific,numeric,1008,142451,10001.0,10005.0,,10001 = North West | 10002 = North East | 10003 = Centre | 10004 = South | 10005 = Islands,As supplied in the source file for this wave.
151,REGION4_JMC,Region 4 Jamaica,wave-specific,numeric,500,142959,1.0,3.0,,1 = Cornwall County | 2 = Middlesex County | 3 = Surrey County,As supplied in the source file for this wave.
152,REGION_JOR,Region Jordan,wave-specific,numeric,1000,142459,1.0,12.0,,1 = Amman | 2 = Al Zarqa | 3 = Al Balqa a | 4 = Madaba | 5 = Irbid | 6 = Al Mafraq | 7 = Jarash | 8 = Ajloun | 9 = Al Karak | 10 = Al Tafilah | 11 = Ma an | 12 = Al Aqaba,As supplied in the source file for this wave.
153,REGION_JPN,Region Japan,wave-specific,numeric,1006,142453,1.0,99.0,,1 = Hokkaido | 2 = Tohoku | 3 = Kanto | 4 = Hokuriku | 5 = Koshinetsu | 6 = Tokai | 7 = Chukyo | 8 = Kansai | 9 = Chugoku | 10 = Shikoku | 11 = Kyushu | 99 = (Refused),As supplied in the source file for this wave.
154,REGION2_KEN,Region 2 Kenya,wave-specific,numeric,1000,142459,1.0,8.0,,1 = Nairobi Province | 2 = Central Province | 3 = Eastern Province | 4 = Nyanza Province | 5 = Rift Valley Province | 6 = Western Province | 7 = North Eastern Province | 8 = Coast Province,As supplied in the source file for this wave.
155,REGION2_KGZ,Region 2 Kyrgyzstan,wave-specific,numeric,1000,142459,1.0,3.0,,1 = Bishkek | 2 = South | 3 = North,As supplied in the source file for this wave.
156,REGION2_KHM,Region 2 Cambodia,wave-specific,numeric,1000,142459,1.0,4.0,,1 = Plains Region | 2 = Tonle Sap Region | 3 = Coastal Region | 4 = Plateau and Mountain Region,As supplied in the source file for this wave.
157,REGION_KOR,Region South Korea,wave-specific,numeric,1002,142457,1.0,99.0,,1 = Seoul | 2 = Busan | 3 = Daegu | 4 = Incheon | 5 = Gwangju | 6 = Daejeon | 7 = Ulsan | 8 = Gyeonggi-do | 9 = Gangwo-do | 10 = Chungcheongbuk-do (Northern Chungcheong) | 11 = Chungcheongnam-do (Southern Chungcheong) | 12 = Jeollabuk-do (Northern Jeolla) | 13 = Jeollanam-do (Southern Jeolla) | 14 = Gyeongsangbuk-do (Northern Gyeongsang) | 15 = Gyeongsangnam-do (Southern Gyeongsang) | 16 = Jeju-do | 17 = Sejong | 99 = (Refused),As supplied in the source file for this wave.
158,REGION2_KOS,Region 2 Kosovo,wave-specific,numeric,1000,142459,1.0,9.0,,1 = Prishtina region | 2 = Mitrovica region | 3 = Gjilan region | 4 = Gjakove region | 5 = Prizren region | 6 = Peja region | 7 = Ferizaj region | 8 = North Kosovo | 9 = Other (Serb-majority municipalities),As supplied in the source file for this wave.
159,REGION_KWT,Region Kuwait,wave-specific,numeric,1000,142459,1.0,99.0,,1 = Kuwait | 2 = Hawali | 3 = Furawania | 4 = Al Ahmadi | 5 = Al Juhraa | 6 = Grand Mubarrak | 98 = (DK) | 99 = (Refused),As supplied in the source file for this wave.
160,REGION2_LAO,Region 2 Laos,wave-specific,numeric,1000,142459,1.0,3.0,,1 = North | 2 = Central | 3 = South,As supplied in the source file for this wave.
161,REGION3_LBN,Which governorate do you live in?,wave-specific,numeric,1002,142457,1.0,9.0,,1 = Beirut Governorate | 2 = Nabatieh Governorate (Jabal Amel) | 3 = Beqaa Governorate | 4 = North Governorate (al-Shamal) | 5 = Mount Lebanon Governorate (Jabal Lubnan) | 6 = South Governorate (al-Janoub) | 7 = Akkar | 9 = Keserwan & Jbeil,As supplied in the source file for this wave.
162,REGION_LBR,Region Liberia,wave-specific,numeric,1000,142459,1.0,15.0,,1 = Bomi | 2 = Bong | 3 = Gbarpolu | 4 = Grand Bassa | 5 = Grand Cape Mount | 6 = Grand Gedeh | 7 = Grand Kru | 8 = Lofa | 9 = Margibi | 10 = Maryland | 11 = Montserrado | 12 = Nimba | 13 = Rivercess | 14 = River Gee | 15 = Sinoe,As supplied in the source file for this wave.
163,REGION_LKA,Region Sri Lanka,wave-specific,numeric,1002,142457,1.0,9.0,,1 = Western | 2 = Central | 3 = Southern | 4 = Northern | 5 = Eastern | 6 = Northwest | 7 = North Central | 8 = Uva | 9 = Sabaragamuwa,As supplied in the source file for this wave.
164,REGION_LSO,Region Lesotho,wave-specific,numeric,1005,142454,1.0,10.0,,1 = Berea | 2 = Butha-Buthe | 3 = Leribe | 4 = Mafeteng | 5 = Maseru | 6 = Mohale’s Hoek | 7 = Mokhotlong | 8 = Qacha’s Nek | 9 = Quthing | 10 = Thaba Tseka,As supplied in the source file for this wave.
165,REGION_LTU,Region Lithuania,wave-specific,numeric,1022,142437,1.0,10.0,,1 = Alytaus county | 2 = Kauno county | 3 = Klaipedos county | 4 = Marijampoles county | 5 = Panevezio county | 6 = Siauliu county | 7 = Taurages county | 8 = Telsiu county | 9 = Utenos county | 10 = Vilnius county,As supplied in the source file for this wave.
166,REGION_LUX,Region Luxembourg,wave-specific,numeric,1008,142451,1.0,12.0,,1 = Clervaux | 2 = Diekirch | 3 = Redange | 4 = Vianden | 5 = Wiltz | 6 = Echternach | 7 = Grevenmacher | 8 = Remich | 9 = Capellen | 10 = Esch-sur-Alzette | 11 = Luxembourg | 12 = Mersch,As supplied in the source file for this wave.
167,REGION1_LVA,Region 1 Latvia,wave-specific,numeric,1012,142447,1.0,5.0,,1 = Riga | 2 = Vidzeme | 3 = Kurzeme | 4 = Zemgale | 5 = Latgale,As supplied in the source file for this wave.
168,REGION_LYB,Region Libya,wave-specific,numeric,1001,142458,1.0,22.0,,1 = Al-Kufrah | 2 = Benghazi | 3 = Tarabulus | 4 = Al-Butnan | 5 = Al-Jabal al-Akhdar | 6 = Al-Jifarah | 7 = Al-Marj | 9 = Al-Wahah | 10 = Az-Zawiyah | 11 = Darnah | 12 = Misratah | 13 = Al Jabal al Gharbi | 14 = Al Jufrah | 15 = An Nuqat al Khams | 16 = Ghat | 17 = Murzuq | 18 = Nalut | 19 = Sabha | 20 = Surt | 21 = Wadi al Hayat | 22 = Wadi ash Shati,As supplied in the source file for this wave.
169,REGION3_MAR,Region 3 Morocco,wave-specific,numeric,1007,142452,1.0,10.0,,1 = Tanger-Tetouan-Al Hoceima Region | 2 = Oriental Region | 3 = Fes-Meknes Region | 4 = Rabat-Sale-Kenitra Region | 5 = Beni Mellal-Khenifra Region | 6 = Casablanca-Settat Region | 7 = Marrakech-Safi Region | 8 = Draa-Tafilalet Region | 9 = Souss-Massa Region | 10 = Guelmim-Oued Noun Region,As supplied in the source file for this wave.
170,REGION2_MDA,Region2 Moldova,wave-specific,numeric,1000,142459,1.0,3.0,,1 = North | 2 = Center | 3 = South,As supplied in the source file for this wave.
171,REGION2_MDG,Region 2 Madagascar,wave-specific,numeric,1000,142459,1.0,6.0,,1 = Antananarivo | 2 = Antsiranana | 3 = Fianarantsoa | 4 = Mahajanga | 5 = Toamasina | 6 = Toliary,As supplied in the source file for this wave.
172,REGION2_MEX,Region 2 Mexico,wave-specific,numeric,1001,142458,1.0,3.0,,1 = Norte (North) | 2 = Sur (South) | 3 = Centro (Central),As supplied in the source file for this wave.
173,REGION2_MKD,Region 2 Macedonia,wave-specific,numeric,1006,142453,1.0,5.0,,1 = Skopje | 2 = Northwest Macedonia | 3 = Southwest Macedonia | 4 = East Macedonia | 5 = Northeast Macedonia,As supplied in the source file for this wave.
174,REGION2_MLI,Region 2 Mali,wave-specific,numeric,1000,142459,1.0,8.0,,1 = Bamako | 3 = Kayes | 5 = Koulikoro | 7 = Segou | 8 = Sikasso,As supplied in the source file for this wave.
175,REGION_MLT,Region Malta,wave-specific,numeric,1000,142459,1.0,6.0,,1 = Southern Harbour District | 2 = Northern Harbour District | 3 = South Eastern District | 4 = Western District | 5 = North District | 6 = Gozo and Comino,As supplied in the source file for this wave.
176,REGION2_MLW,Region 2 Malawi,wave-specific,numeric,1000,142459,1.0,3.0,,1 = Central Region | 2 = Northern Region | 3 = Southern Region,As supplied in the source file for this wave.
177,REGION_MMR,Region Myanmar,wave-specific,numeric,1003,142456,1.0,15.0,,1 = Chin State | 2 = Kachin State | 3 = Kayah State | 4 = Kayin State | 5 = Mon State | 6 = Rakhine State | 7 = Shan State | 8 = Ayeyarwady Region | 9 = Bago Region | 10 = Magway Region | 11 = Mandalay Region | 12 = Sagaing Region | 13 = Tanintharyi Region | 14 = Yangon Region | 15 = Naypyidaw Union Territory,As supplied in the source file for this wave.
178,REGION2_MNE,Region 2 Montenegro,wave-specific,numeric,1000,142459,1.0,4.0,,1 = Central (Central Statistical Region) | 2 = East (North Statistical Region) | 3 = North (North Statistical Region) | 4 = South (Coastal Statistical Region),As supplied in the source file for this wave.
179,REGION2_MNG,Region 2 Mongolia,wave-specific,numeric,1000,142459,1.0,5.0,,1 = West | 2 = Khangai | 3 = Central | 4 = East | 5 = Ulaanbaatar,As supplied in the source file for this wave.
180,REGION2_MOZ,Region 2 Mozambique,wave-specific,numeric,1000,142459,1.0,3.0,,1 = North | 2 = Central | 3 = South,As supplied in the source file for this wave.
181,REGION2_MRT,Region 2 Mauritania,wave-specific,numeric,1000,142459,1.0,4.0,,1 = Nouakchott | 2 = Central Region | 3 = North Region | 4 = South Region,As supplied in the source file for this wave.
182,REGION2_MUS,Region 2 Mauritius,wave-specific,numeric,1000,142459,1.0,4.0,,1 = North | 2 = Southwest | 3 = East | 4 = Rodrigues,As supplied in the source file for this wave.
183,REGION_MYS,Region Malaysia,wave-specific,numeric,1000,142459,1.0,15.0,,1 = Johor | 2 = Kedah | 3 = Kelantan | 4 = Pahang | 5 = Perak | 6 = Selangor | 7 = Terengganu | 8 = Negeri Sembilan | 10 = Melaka | 11 = Pulau Pinang | 12 = Putrajaya | 13 = Kuala Lumpur | 14 = Sabah | 15 = Sarawak,As supplied in the source file for this wave.
184,REGION2_NAM,Region 2 Namibia,wave-specific,numeric,1000,142459,1.0,4.0,,1 = Southeast | 2 = Central | 3 = Northern Urban | 4 = Northeast,As supplied in the source file for this wave.
185,REGION2_NER,Region 2 Niger,wave-specific,numeric,1000,142459,1.0,8.0,,1 = Agadez | 2 = Diffa | 3 = Dosso | 4 = Maradi | 5 = Niamey (District) | 6 = Tahoua | 7 = Tillaberi | 8 = Zinder,As supplied in the source file for this wave.
186,REGION2_NGA,Region 2 Nigeria,wave-specific,numeric,1000,142459,1.0,6.0,,1 = North Central | 2 = North East | 3 = North West | 4 = South East | 5 = South South | 6 = South West,As supplied in the source file for this wave.
187,REGION_NLD,Region Netherlands,wave-specific,numeric,1001,142458,17020.0,17031.0,,17020 = Groningen | 17021 = Friesland | 17022 = Drenthe | 17023 = Overijssel | 17024 = Gelderland | 17025 = Flevoland | 17026 = Utrecht | 17027 = Noord-Holland | 17028 = Zuid-Holland | 17029 = Zeeland | 17030 = Noord-Brabant | 17031 = Limburg,As supplied in the source file for this wave.
188,REGION5_NOR,Region 5 Norway,wave-specific,numeric,1001,142458,1.0,15.0,,1 = Oslo | 2 = Rogaland | 3 = Moere and Romsdal | 4 = Nordland | 5 = Ostfold | 6 = Akershus | 7 = Buskerud | 8 = Innlandet | 9 = Vestfold | 10 = Telemark | 11 = Agder | 12 = Vestland | 13 = Trondelag | 14 = Troms | 15 = Finnmark,As supplied in the source file for this wave.
189,REGION1_NPL,Region1 Nepal,wave-specific,numeric,1000,142459,1.0,7.0,,1 = Koshi | 2 = Madhesh | 3 = Bagmati | 4 = Gandaki | 5 = Lumbini | 6 = Karnali | 7 = Sudurpashchim,As supplied in the source file for this wave.
190,REGION2_NZL,Region 2 New Zealand,wave-specific,numeric,1000,142459,1.0,2.0,,1 = North Island | 2 = South Island,As supplied in the source file for this wave.
191,REGION1_OMN,Region 1 Oman,wave-specific,numeric,1000,142459,1.0,99.0,,1 = Ad Dakhiliyah | 2 = Ad Dhahirah | 3 = Al Batinah North | 4 = Al Batinah South | 5 = Al Buraymi | 6 = Al Wusta | 7 = Ash Sharqiyah North | 8 = Ash Sharqiyah South | 9 = Dhofar | 10 = Muscat | 11 = Musandam | 98 = (DK) | 99 = (Refused),As supplied in the source file for this wave.
192,REGION2_PAK,Region 2 Pakistan,wave-specific,numeric,1000,142459,1.0,3.0,,1 = Southwest | 2 = East | 3 = North,As supplied in the source file for this wave.
193,REGION2_PAN,Region 2 Panama,wave-specific,numeric,1000,142459,1.0,4.0,,1 = Panama Metropolitan | 2 = Central | 3 = Western | 4 = Eastern,As supplied in the source file for this wave.
194,REGION2_PER,Region 2 Peru,wave-specific,numeric,1000,142459,1.0,8.0,,1 = Lima Metropolitana (Lima Metropolis) | 2 = Sierra Norte (North Sierra/North Mountain) | 3 = Sierra Centro (Central Sierra/Central Mountain) | 4 = Sierra Sur (South Sierra/South Mountain) | 5 = Costa Norte (North Coast) | 6 = Costa Sur (South Coast) | 7 = Selva (Forest) | 8 = Costa Centro (Central Coast),As supplied in the source file for this wave.
195,REGION2_PHL,Region 2 Philippines,wave-specific,numeric,1000,142459,1.0,5.0,,1 = NCR | 3 = Balance Luzon | 4 = Visayas | 5 = Mindanao,As supplied in the source file for this wave.
196,REGION3_POL,Region 3 Poland,wave-specific,numeric,1005,142454,1.0,7.0,,1 = Central region | 2 = South region | 3 = East region | 4 = Northwest region | 5 = Southwest region | 6 = North region | 7 = Masovian,As supplied in the source file for this wave.
197,REGION3_PRT,Region 3 Portugal,wave-specific,numeric,1001,142458,1.0,9.0,,1 = Norte | 2 = Algarve | 3 = Centro | 4 = Alentejo | 5 = Oeste e Vale do Tejo | 6 = Grande Lisboa | 7 = Península de Setúbal | 8 = R.A.Acores | 9 = R.A.Madeira,As supplied in the source file for this wave.
198,REGION2_PRY,Region 2 Paraguay,wave-specific,numeric,1000,142459,1.0,5.0,,1 = Norte (North) | 2 = Sur (South) | 3 = Este (East) | 5 = Centro (Central),As supplied in the source file for this wave.
199,REGION2_PSE,Region 2 Palestine,wave-specific,numeric,1000,142459,1.0,3.0,,1 = West Bank | 3 = Jerusalem,As supplied in the source file for this wave.
200,REGION2_ROU,Region Romania,wave-specific,numeric,1000,142459,1.0,8.0,,1 = North-East | 2 = South-East | 3 = South | 4 = South-West | 5 = West | 6 = North-West | 7 = Central | 8 = Bucharest,As supplied in the source file for this wave.
201,REGION3_RUS,Region 3 Russia,wave-specific,numeric,1000,142459,1.0,10.0,,1 = Moscow city (capital) | 2 = Saint-Petersburg city | 3 = Center (excl Moscow city) | 4 = Northwest (excl Saint-Petersburg city) | 5 = South | 6 = Privolzhskiy | 7 = Urals | 8 = Siberia | 9 = Far East | 10 = North Caucasus,As supplied in the source file for this wave.
202,REGION2_SAU,Region 2 Saudi Arabia,wave-specific,numeric,1018,142441,1.0,5.0,,1 = Central | 2 = Western | 3 = Eastern | 4 = South | 5 = Northern,As supplied in the source file for this wave.
203,REGION2_SEN,Region 2 Senegal,wave-specific,numeric,1000,142459,1.0,5.0,,1 = Central | 2 = Natural Casamance | 3 = North | 4 = Oriental | 5 = West,As supplied in the source file for this wave.
204,REGION3_SLE,Region 3 Sierra Leone,wave-specific,numeric,1001,142458,1.0,5.0,,1 = Eastern Province | 2 = Northern Province | 3 = Southern Province | 4 = Western Province | 5 = North Western Province,As supplied in the source file for this wave.
205,REGION2_SLV,Region 2 El Salvador,wave-specific,numeric,1000,142459,1.0,4.0,,1 = Central | 2 = Western (Occidental) | 3 = Central East (Paracentral) | 4 = Eastern (Oriental),As supplied in the source file for this wave.
206,REGION2_SOM,Region 2 Somalia,wave-specific,numeric,1002,142457,1.0,3.0,,1 = Somaliland | 2 = Puntland | 3 = South Central,As supplied in the source file for this wave.
207,REGION2_SRB,Region 2 Serbia,wave-specific,numeric,1000,142459,1.0,6.0,,1 = Vojvodina | 2 = Belgrade | 3 = West Serbia | 4 = Central Serbia | 5 = East Serbia | 6 = South Serbia,As supplied in the source file for this wave.
208,REGION2_SVK,Region 2 Slovakia,wave-specific,numeric,1001,142458,22001.0,22004.0,,22001 = Bratislavsky Kraj (Capital Area) | 22002 = Zapadne Slovenkso (West Area) | 22003 = Stredne Slovenkso (Central Area) | 22004 = Vychodne Slovenkso (East Area),As supplied in the source file for this wave.
209,REGION_SVN,Region Slovenia,wave-specific,numeric,1000,142459,1.0,12.0,,1 = POMURSKA (Mura) | 2 = PODRAVSKA (Drava) | 3 = KOROSKA (Carinthia) | 4 = SAVINJSKA (Savinja) | 5 = ZASAVSKA (Central Sava) | 6 = POSAVSKA (Lower Sava) | 7 = GORENJSKA (Upper Carniola) | 8 = PRIMORSKO-NOTRANJSKA (Littoral-Inner Carniola) | 9 = GORISKA (Gorizia) | 10 = OBALNO-KRASKA (Coastal - Karst) | 11 = JUGOVZHODNA SLOVENIJA (Southeast Slovenia) | 12 = OSREDNJESLOVENSKA (Central Slovenia),As supplied in the source file for this wave.
210,REGION2_SWE,Region 2 Sweden,wave-specific,numeric,1002,142457,1.0,8.0,,1 = Stockholm | 2 = Ostra Mellansverige | 3 = Sydsverige | 4 = Norra Mellansverige | 5 = Mellersta Norrland | 6 = Ovre Norrland | 7 = Smaland med oarna | 8 = Vastverige,As supplied in the source file for this wave.
211,REGION2_TCD,Region 2 Chad,wave-specific,numeric,1000,142459,2.0,5.0,,2 = Center | 3 = Southwest | 4 = Southeast | 5 = City of NDjamena,As supplied in the source file for this wave.
212,REGION2_THA,Region 2 Thailand,wave-specific,numeric,1002,142457,1.0,5.0,,1 = North | 2 = Northeast | 3 = Central | 4 = South | 5 = Bangkok,As supplied in the source file for this wave.
213,REGION2_TJK,Region 2 Tajikistan,wave-specific,numeric,1000,142459,1.0,4.0,,1 = Dushanbe | 2 = East | 3 = South | 4 = North,As supplied in the source file for this wave.
214,REGION2_TOG,Region 2 Togo,wave-specific,numeric,1000,142459,1.0,6.0,,1 = Centrale | 2 = Kara | 3 = Maritime | 4 = Plateaux | 5 = Savanes | 6 = Lome,As supplied in the source file for this wave.
215,REGION2_TUN,Region 2 Tunisia,wave-specific,numeric,1000,142459,1.0,3.0,,1 = North | 2 = Center | 3 = South,As supplied in the source file for this wave.
216,REGION3_TUR,Region 3 Turkey,wave-specific,numeric,1000,142459,1.0,12.0,,1 = Istanbul Region | 2 = West Marmara Region | 3 = Aegean Region | 4 = East Marmara Region | 5 = West Anatolia Region | 6 = Mediterranean Region | 7 = Central Anatolia Region | 8 = West Black Sea Region | 9 = East Black Sea Region | 10 = Northeast Anatolia Region | 11 = Central East Anatolia Region | 12 = Southeast Anatolia Region,As supplied in the source file for this wave.
217,REGION_TWN,Region Taiwan,wave-specific,numeric,1000,142459,1.0,25.0,,1 = Chiayi County | 2 = Chiayi Municipality | 3 = Changhua County | 4 = Hsinchu County | 5 = Hsinchu Municipality | 6 = Hualien County | 8 = Kaohsiung Municipality | 9 = Keelung Municipality | 12 = Miaoli County | 13 = Nantou County | 14 = Penghu County | 15 = Pingtun County | 17 = Taichung Municipality | 19 = Tainan Municipality | 20 = New Taipei Municipality | 21 = Taipei Municipality | 22 = Taitung County | 23 = Taoyuan County/City | 24 = Yilan County | 25 = Yunlin County,As supplied in the source file for this wave.
218,REGION3_TZA,Region 3 Tanzania,wave-specific,numeric,1000,142459,1.0,32.0,,1 = Dar es Salaam | 2 = Dodoma | 3 = Tabora | 4 = Singida | 5 = Shinyanga | 6 = Ruvuma | 7 = Rukwa | 8 = Pwani | 9 = South Unguja | 10 = North Unguja | 11 = South Pemba | 12 = North Pemba | 13 = Mwanza | 14 = Mtwara | 15 = Morogoro | 16 = Mbeya | 17 = Mara | 18 = Manyara | 20 = Kilimanjaro | 21 = Kigoma | 22 = Kagera | 23 = Iringa | 24 = Urban West | 25 = Arusha | 26 = Tanga | 27 = Simiyu | 28 = Katavi | 29 = Geita | 30 = Njombe | 31 = Lindi | 32 = Songwe,As supplied in the source file for this wave.
219,REGION2_UGA,Region 2 Uganda,wave-specific,numeric,1004,142455,1.0,4.0,,1 = Central Region | 2 = Eastern Region | 3 = Northern Region | 4 = Western Region,As supplied in the source file for this wave.
220,REGION2_UKR,Region 2 Ukraine,wave-specific,numeric,1000,142459,1.0,99.0,,1 = Kiev | 2 = East | 3 = South | 4 = West | 5 = North | 6 = Center | 98 = (DK) | 99 = (Refused),As supplied in the source file for this wave.
221,REGION2_URY,Region 2 Uruguay,wave-specific,numeric,1000,142459,1.0,2.0,,1 = Montevideo | 2 = Interior,As supplied in the source file for this wave.
222,REGION2_USA,Region 2 USA,wave-specific,numeric,1000,142459,1.0,4.0,,1 = Northeast | 2 = Midwest | 3 = South | 4 = West,As supplied in the source file for this wave.
223,REGION2_UZB,Region 2 Uzbekistan,wave-specific,numeric,1000,142459,1.0,6.0,,1 = Tashkent | 2 = East | 3 = South | 5 = North/West | 6 = Center,As supplied in the source file for this wave.
224,REGION2_VEN,Region 2 Venezuela,wave-specific,numeric,1000,142459,1.0,6.0,,1 = Zone I: Capital | 2 = Zone II: North-Western | 3 = Zone III: Eastern | 4 = Zone IV: Centre Llano | 5 = Zone V: Central West | 6 = Zone VI: Andean,As supplied in the source file for this wave.
225,REGION2_VNM,Region 2 Vietnam,wave-specific,numeric,1000,142459,1.0,3.0,,1 = North | 2 = Central | 3 = South,As supplied in the source file for this wave.
226,REGION_ZAF,Region South Africa,wave-specific,numeric,1003,142456,1.0,9.0,,1 = Eastern Cape | 2 = Free State | 3 = Gauteng | 4 = KwaZulu Natal | 5 = Limpopo | 6 = Mpumalanga | 7 = North West | 8 = Northern Cape | 9 = Western Cape,As supplied in the source file for this wave.
227,REGION2_ZMB,Region 2 Zambia,wave-specific,numeric,1001,142458,1.0,10.0,,1 = Central | 2 = Copper Belt | 3 = Eastern | 4 = Lua pula | 5 = Lusaka | 6 = Northern | 7 = North Western | 8 = Southern | 9 = Western | 10 = Muchinga,As supplied in the source file for this wave.
228,REGION_ZWE,Region Zimbabwe,wave-specific,numeric,1000,142459,1.0,10.0,,1 = Bulawayo | 2 = Harare | 3 = Manicaland | 4 = Mashonaland Central | 5 = Mashonaland East | 6 = Mashonaland West | 7 = Masvingo | 8 = Matabeleland North | 9 = Matabeleland South | 10 = Midlands,As supplied in the source file for this wave.
