iso3,country,indicator,year,value
AGO,Angola,SI.POV.GINI,2018,51.3
AGO,Angola,SI.POV.GINI,2008,42.7
AGO,Angola,SI.POV.GINI,2000,51.9
ALB,Albania,SI.POV.GINI,2020,29.4
ALB,Albania,SI.POV.GINI,2019,30.1
ALB,Albania,SI.POV.GINI,2018,30.1
ALB,Albania,SI.POV.GINI,2017,33.1
ALB,Albania,SI.POV.GINI,2016,33.7
ALB,Albania,SI.POV.GINI,2015,32.8
ALB,Albania,SI.POV.GINI,2014,34.6
ALB,Albania,SI.POV.GINI,2012,29
ALB,Albania,SI.POV.GINI,2008,30
ALB,Albania,SI.POV.GINI,2005,30.6
ALB,Albania,SI.POV.GINI,2002,31.7
ALB,Albania,SI.POV.GINI,1996,27
ARE,United Arab Emirates,SI.POV.GINI,2018,26.4
ARE,United Arab Emirates,SI.POV.GINI,2013,32.5
ARG,Argentina,SI.POV.GINI,2020,42.7
ARG,Argentina,SI.POV.GINI,2019,43.3
ARG,Argentina,SI.POV.GINI,2018,41.7
ARG,Argentina,SI.POV.GINI,2017,41.4
ARG,Argentina,SI.POV.GINI,2016,42.3
ARG,Argentina,SI.POV.GINI,2014,41.8
ARG,Argentina,SI.POV.GINI,2013,41.1
ARG,Argentina,SI.POV.GINI,2012,41.4
ARG,Argentina,SI.POV.GINI,2011,42.7
ARG,Argentina,SI.POV.GINI,2010,43.7
ARG,Argentina,SI.POV.GINI,2009,43.8
ARG,Argentina,SI.POV.GINI,2008,45
ARG,Argentina,SI.POV.GINI,2007,46.3
ARG,Argentina,SI.POV.GINI,2006,46.4
ARG,Argentina,SI.POV.GINI,2005,47.8
ARG,Argentina,SI.POV.GINI,2004,48.5
ARG,Argentina,SI.POV.GINI,2003,51
ARG,Argentina,SI.POV.GINI,2002,53.8
ARG,Argentina,SI.POV.GINI,2001,53.3
ARG,Argentina,SI.POV.GINI,2000,51
ARG,Argentina,SI.POV.GINI,1999,49.8
ARG,Argentina,SI.POV.GINI,1998,50.7
ARG,Argentina,SI.POV.GINI,1997,49.1
ARG,Argentina,SI.POV.GINI,1996,49.5
ARG,Argentina,SI.POV.GINI,1995,48.9
ARG,Argentina,SI.POV.GINI,1994,45.9
ARG,Argentina,SI.POV.GINI,1993,44.8
ARG,Argentina,SI.POV.GINI,1992,45.5
ARG,Argentina,SI.POV.GINI,1991,46.8
ARM,Armenia,SI.POV.GINI,2020,25.1
ARM,Armenia,SI.POV.GINI,2019,30
ARM,Armenia,SI.POV.GINI,2018,34.4
ARM,Armenia,SI.POV.GINI,2017,33.6
ARM,Armenia,SI.POV.GINI,2016,32.5
ARM,Armenia,SI.POV.GINI,2015,32.4
ARM,Armenia,SI.POV.GINI,2014,31.5
ARM,Armenia,SI.POV.GINI,2013,30.6
ARM,Armenia,SI.POV.GINI,2012,29.6
ARM,Armenia,SI.POV.GINI,2011,29.4
ARM,Armenia,SI.POV.GINI,2010,30
ARM,Armenia,SI.POV.GINI,2009,28
ARM,Armenia,SI.POV.GINI,2008,29.2
ARM,Armenia,SI.POV.GINI,2007,31.2
ARM,Armenia,SI.POV.GINI,2006,29.7
ARM,Armenia,SI.POV.GINI,2005,36
ARM,Armenia,SI.POV.GINI,2004,37.5
ARM,Armenia,SI.POV.GINI,2003,33
ARM,Armenia,SI.POV.GINI,2002,34.8
ARM,Armenia,SI.POV.GINI,2001,35.4
ARM,Armenia,SI.POV.GINI,1999,36.2
ARM,Armenia,SI.POV.GINI,1996,44.4
AUS,Australia,SI.POV.GINI,2020,33.8
AUS,Australia,SI.POV.GINI,2018,34.3
AUS,Australia,SI.POV.GINI,2016,33.7
AUS,Australia,SI.POV.GINI,2014,34.4
AUS,Australia,SI.POV.GINI,2010,34.7
AUS,Australia,SI.POV.GINI,2008,35.4
AUS,Australia,SI.POV.GINI,2004,33.1
AUS,Australia,SI.POV.GINI,2003,33.5
AUS,Australia,SI.POV.GINI,2001,33.5
AUS,Australia,SI.POV.GINI,1995,32.6
AUT,Austria,SI.POV.GINI,2020,29.8
AUT,Austria,SI.POV.GINI,2019,30.2
AUT,Austria,SI.POV.GINI,2018,30.8
AUT,Austria,SI.POV.GINI,2017,29.7
AUT,Austria,SI.POV.GINI,2016,30.8
AUT,Austria,SI.POV.GINI,2015,30.5
AUT,Austria,SI.POV.GINI,2014,30.5
AUT,Austria,SI.POV.GINI,2013,30.8
AUT,Austria,SI.POV.GINI,2012,30.5
AUT,Austria,SI.POV.GINI,2011,30.8
AUT,Austria,SI.POV.GINI,2010,30.3
AUT,Austria,SI.POV.GINI,2009,31.5
AUT,Austria,SI.POV.GINI,2008,30.4
AUT,Austria,SI.POV.GINI,2007,30.6
AUT,Austria,SI.POV.GINI,2006,29.6
AUT,Austria,SI.POV.GINI,2005,28.7
AUT,Austria,SI.POV.GINI,2004,29.8
AUT,Austria,SI.POV.GINI,2003,29.5
AUT,Austria,SI.POV.GINI,2000,29
AUT,Austria,SI.POV.GINI,1999,29.7
AUT,Austria,SI.POV.GINI,1998,31.3
AUT,Austria,SI.POV.GINI,1997,29.1
AUT,Austria,SI.POV.GINI,1996,29.3
AUT,Austria,SI.POV.GINI,1995,29.9
AUT,Austria,SI.POV.GINI,1994,30.8
AZE,Azerbaijan,SI.POV.GINI,2005,26.6
AZE,Azerbaijan,SI.POV.GINI,2004,26.6
AZE,Azerbaijan,SI.POV.GINI,2003,26.8
AZE,Azerbaijan,SI.POV.GINI,2002,25.3
AZE,Azerbaijan,SI.POV.GINI,2001,36.5
AZE,Azerbaijan,SI.POV.GINI,1995,34.6
BDI,Burundi,SI.POV.GINI,2020,37.5
BDI,Burundi,SI.POV.GINI,2013,38.6
BDI,Burundi,SI.POV.GINI,2006,33.4
BDI,Burundi,SI.POV.GINI,1998,42.1
BDI,Burundi,SI.POV.GINI,1992,33.3
BEL,Belgium,SI.POV.GINI,2020,26
BEL,Belgium,SI.POV.GINI,2019,27.2
BEL,Belgium,SI.POV.GINI,2018,27.2
BEL,Belgium,SI.POV.GINI,2017,27.4
BEL,Belgium,SI.POV.GINI,2016,27.6
BEL,Belgium,SI.POV.GINI,2015,27.7
BEL,Belgium,SI.POV.GINI,2014,28.1
BEL,Belgium,SI.POV.GINI,2013,27.7
BEL,Belgium,SI.POV.GINI,2012,27.5
BEL,Belgium,SI.POV.GINI,2011,28.1
BEL,Belgium,SI.POV.GINI,2010,28.4
BEL,Belgium,SI.POV.GINI,2009,28.6
BEL,Belgium,SI.POV.GINI,2008,28.4
BEL,Belgium,SI.POV.GINI,2007,29.2
BEL,Belgium,SI.POV.GINI,2006,28.1
BEL,Belgium,SI.POV.GINI,2005,29.3
BEL,Belgium,SI.POV.GINI,2004,30.5
BEL,Belgium,SI.POV.GINI,2003,28.1
BEL,Belgium,SI.POV.GINI,2000,33.1
BEL,Belgium,SI.POV.GINI,1997,26.8
BEL,Belgium,SI.POV.GINI,1995,28.4
BEL,Belgium,SI.POV.GINI,1992,24.9
BEN,Benin,SI.POV.GINI,2018,37.9
BEN,Benin,SI.POV.GINI,2015,47.6
BEN,Benin,SI.POV.GINI,2011,43.4
BEN,Benin,SI.POV.GINI,2003,38.6
BFA,Burkina Faso,SI.POV.GINI,2018,43
BFA,Burkina Faso,SI.POV.GINI,2014,35.3
BFA,Burkina Faso,SI.POV.GINI,2009,39.8
BFA,Burkina Faso,SI.POV.GINI,2003,43.3
BFA,Burkina Faso,SI.POV.GINI,1998,49.9
BFA,Burkina Faso,SI.POV.GINI,1994,48
BGD,Bangladesh,SI.POV.GINI,2016,32.4
BGD,Bangladesh,SI.POV.GINI,2010,32.1
BGD,Bangladesh,SI.POV.GINI,2005,33.2
BGD,Bangladesh,SI.POV.GINI,2000,33.4
BGD,Bangladesh,SI.POV.GINI,1995,32.9
BGD,Bangladesh,SI.POV.GINI,1991,27.6
BGR,Bulgaria,SI.POV.GINI,2020,40.5
BGR,Bulgaria,SI.POV.GINI,2019,40.3
BGR,Bulgaria,SI.POV.GINI,2018,41.3
BGR,Bulgaria,SI.POV.GINI,2017,40.4
BGR,Bulgaria,SI.POV.GINI,2016,40.6
BGR,Bulgaria,SI.POV.GINI,2015,38.6
BGR,Bulgaria,SI.POV.GINI,2014,37.4
BGR,Bulgaria,SI.POV.GINI,2013,36.6
BGR,Bulgaria,SI.POV.GINI,2012,36
BGR,Bulgaria,SI.POV.GINI,2011,34.3
BGR,Bulgaria,SI.POV.GINI,2010,35.7
BGR,Bulgaria,SI.POV.GINI,2009,33.8
BGR,Bulgaria,SI.POV.GINI,2008,33.6
BGR,Bulgaria,SI.POV.GINI,2007,36.1
BGR,Bulgaria,SI.POV.GINI,2006,35.7
BGR,Bulgaria,SI.POV.GINI,2003,28.9
BGR,Bulgaria,SI.POV.GINI,2001,32.7
BGR,Bulgaria,SI.POV.GINI,1997,26.4
BGR,Bulgaria,SI.POV.GINI,1995,32.8
BGR,Bulgaria,SI.POV.GINI,1994,24.3
BGR,Bulgaria,SI.POV.GINI,1992,30.7
BIH,Bosnia and Herzegovina,SI.POV.GINI,2015,32.9
BIH,Bosnia and Herzegovina,SI.POV.GINI,2011,33.3
BIH,Bosnia and Herzegovina,SI.POV.GINI,2007,34.3
BIH,Bosnia and Herzegovina,SI.POV.GINI,2004,34
BIH,Bosnia and Herzegovina,SI.POV.GINI,2001,30
BLR,Belarus,SI.POV.GINI,2020,24.4
BLR,Belarus,SI.POV.GINI,2019,25.3
BLR,Belarus,SI.POV.GINI,2018,25.2
BLR,Belarus,SI.POV.GINI,2017,25.4
BLR,Belarus,SI.POV.GINI,2016,25.3
BLR,Belarus,SI.POV.GINI,2015,25.6
BLR,Belarus,SI.POV.GINI,2014,27.2
BLR,Belarus,SI.POV.GINI,2013,26.6
BLR,Belarus,SI.POV.GINI,2012,26.5
BLR,Belarus,SI.POV.GINI,2011,27.2
BLR,Belarus,SI.POV.GINI,2010,28.6
BLR,Belarus,SI.POV.GINI,2009,27.7
BLR,Belarus,SI.POV.GINI,2008,27.8
BLR,Belarus,SI.POV.GINI,2007,29.6
BLR,Belarus,SI.POV.GINI,2006,28.3
BLR,Belarus,SI.POV.GINI,2005,27.6
BLR,Belarus,SI.POV.GINI,2004,26.5
BLR,Belarus,SI.POV.GINI,2003,28.8
BLR,Belarus,SI.POV.GINI,2002,30.3
BLR,Belarus,SI.POV.GINI,2001,30.6
BLR,Belarus,SI.POV.GINI,2000,31.2
BLR,Belarus,SI.POV.GINI,1999,31.7
BLR,Belarus,SI.POV.GINI,1998,32
BLR,Belarus,SI.POV.GINI,1995,28.7
BLR,Belarus,SI.POV.GINI,1993,21.6
BLZ,Belize,SI.POV.GINI,2018,39.9
BLZ,Belize,SI.POV.GINI,1999,53.2
BLZ,Belize,SI.POV.GINI,1998,54.9
BLZ,Belize,SI.POV.GINI,1997,60.4
BLZ,Belize,SI.POV.GINI,1996,56.6
BLZ,Belize,SI.POV.GINI,1995,57.5
BLZ,Belize,SI.POV.GINI,1994,60.9
BLZ,Belize,SI.POV.GINI,1993,60.2
BOL,Bolivia,SI.POV.GINI,2020,43.6
BOL,Bolivia,SI.POV.GINI,2019,41.6
BOL,Bolivia,SI.POV.GINI,2018,42.6
BOL,Bolivia,SI.POV.GINI,2017,44.6
BOL,Bolivia,SI.POV.GINI,2016,45.2
BOL,Bolivia,SI.POV.GINI,2015,46.7
BOL,Bolivia,SI.POV.GINI,2014,47.8
BOL,Bolivia,SI.POV.GINI,2013,47.6
BOL,Bolivia,SI.POV.GINI,2012,46.6
BOL,Bolivia,SI.POV.GINI,2011,46.1
BOL,Bolivia,SI.POV.GINI,2009,49.2
BOL,Bolivia,SI.POV.GINI,2008,50.8
BOL,Bolivia,SI.POV.GINI,2007,54.5
BOL,Bolivia,SI.POV.GINI,2006,56.7
BOL,Bolivia,SI.POV.GINI,2005,58.5
BOL,Bolivia,SI.POV.GINI,2004,55
BOL,Bolivia,SI.POV.GINI,2002,59.3
BOL,Bolivia,SI.POV.GINI,2001,57.4
BOL,Bolivia,SI.POV.GINI,2000,61.6
BOL,Bolivia,SI.POV.GINI,1999,58
BOL,Bolivia,SI.POV.GINI,1997,58.1
BOL,Bolivia,SI.POV.GINI,1992,49.1
BOL,Bolivia,SI.POV.GINI,1990,42
BRA,Brazil,SI.POV.GINI,2020,48.8
BRA,Brazil,SI.POV.GINI,2019,53.5
BRA,Brazil,SI.POV.GINI,2018,53.9
BRA,Brazil,SI.POV.GINI,2017,53.3
BRA,Brazil,SI.POV.GINI,2016,53.4
BRA,Brazil,SI.POV.GINI,2015,51.9
BRA,Brazil,SI.POV.GINI,2014,52.1
BRA,Brazil,SI.POV.GINI,2013,52.7
BRA,Brazil,SI.POV.GINI,2012,53.4
BRA,Brazil,SI.POV.GINI,2011,52.9
BRA,Brazil,SI.POV.GINI,2009,53.7
BRA,Brazil,SI.POV.GINI,2008,54
BRA,Brazil,SI.POV.GINI,2007,54.9
BRA,Brazil,SI.POV.GINI,2006,55.6
BRA,Brazil,SI.POV.GINI,2005,56.3
BRA,Brazil,SI.POV.GINI,2004,56.5
BRA,Brazil,SI.POV.GINI,2003,57.6
BRA,Brazil,SI.POV.GINI,2002,58.1
BRA,Brazil,SI.POV.GINI,2001,58.4
BRA,Brazil,SI.POV.GINI,1999,59
BRA,Brazil,SI.POV.GINI,1998,59.6
BRA,Brazil,SI.POV.GINI,1997,59.8
BRA,Brazil,SI.POV.GINI,1996,59.8
BRA,Brazil,SI.POV.GINI,1995,59.5
BRA,Brazil,SI.POV.GINI,1993,60.1
BRA,Brazil,SI.POV.GINI,1992,53.1
BRA,Brazil,SI.POV.GINI,1990,60.5
BRB,Barbados,SI.POV.GINI,2016,34.1
BTN,Bhutan,SI.POV.GINI,2017,37.4
BTN,Bhutan,SI.POV.GINI,2012,38.8
BTN,Bhutan,SI.POV.GINI,2007,38.1
BTN,Bhutan,SI.POV.GINI,2003,40.9
BWA,Botswana,SI.POV.GINI,2015,54.9
BWA,Botswana,SI.POV.GINI,2009,56.9
BWA,Botswana,SI.POV.GINI,2002,61.5
BWA,Botswana,SI.POV.GINI,1993,60.1
CAF,Central African Republic,SI.POV.GINI,2008,56.2
CAF,Central African Republic,SI.POV.GINI,1992,59.7
CAN,Canada,SI.POV.GINI,2020,29.9
CAN,Canada,SI.POV.GINI,2019,31.8
CAN,Canada,SI.POV.GINI,2018,32.5
CAN,Canada,SI.POV.GINI,2017,33.3
CAN,Canada,SI.POV.GINI,2016,32.7
CAN,Canada,SI.POV.GINI,2015,33.7
CAN,Canada,SI.POV.GINI,2014,33.2
CAN,Canada,SI.POV.GINI,2013,33.8
CAN,Canada,SI.POV.GINI,2012,33.5
CAN,Canada,SI.POV.GINI,2011,32.7
CAN,Canada,SI.POV.GINI,2010,33.6
CAN,Canada,SI.POV.GINI,2009,34
CAN,Canada,SI.POV.GINI,2008,33.9
CAN,Canada,SI.POV.GINI,2007,33.8
CAN,Canada,SI.POV.GINI,2006,34.1
CAN,Canada,SI.POV.GINI,2005,33.6
CAN,Canada,SI.POV.GINI,2004,33.8
CAN,Canada,SI.POV.GINI,2003,33.8
CAN,Canada,SI.POV.GINI,2002,33.6
CAN,Canada,SI.POV.GINI,2001,33.6
CAN,Canada,SI.POV.GINI,2000,33.4
CAN,Canada,SI.POV.GINI,1999,33.1
CAN,Canada,SI.POV.GINI,1998,33.2
CAN,Canada,SI.POV.GINI,1997,33.1
CAN,Canada,SI.POV.GINI,1996,32.8
CAN,Canada,SI.POV.GINI,1995,31.5
CAN,Canada,SI.POV.GINI,1994,31.3
CAN,Canada,SI.POV.GINI,1993,31.7
CAN,Canada,SI.POV.GINI,1992,31.6
CAN,Canada,SI.POV.GINI,1991,31.9
CAN,Canada,SI.POV.GINI,1990,31.4
CHE,Switzerland,SI.POV.GINI,2020,33.7
CHE,Switzerland,SI.POV.GINI,2019,34
CHE,Switzerland,SI.POV.GINI,2018,33.1
CHE,Switzerland,SI.POV.GINI,2017,32.7
CHE,Switzerland,SI.POV.GINI,2016,33
CHE,Switzerland,SI.POV.GINI,2015,32.3
CHE,Switzerland,SI.POV.GINI,2014,32.5
CHE,Switzerland,SI.POV.GINI,2013,32.5
CHE,Switzerland,SI.POV.GINI,2012,31.6
CHE,Switzerland,SI.POV.GINI,2011,31.7
CHE,Switzerland,SI.POV.GINI,2010,32.6
CHE,Switzerland,SI.POV.GINI,2009,32.9
CHE,Switzerland,SI.POV.GINI,2008,33.8
CHE,Switzerland,SI.POV.GINI,2007,34.3
CHE,Switzerland,SI.POV.GINI,2006,33.9
CHE,Switzerland,SI.POV.GINI,2004,31.6
CHE,Switzerland,SI.POV.GINI,2002,31.7
CHE,Switzerland,SI.POV.GINI,2000,33.4
CHE,Switzerland,SI.POV.GINI,1992,33.9
CHL,Chile,SI.POV.GINI,2020,47
CHL,Chile,SI.POV.GINI,2017,45.3
CHL,Chile,SI.POV.GINI,2015,45.3
CHL,Chile,SI.POV.GINI,2013,46.8
CHL,Chile,SI.POV.GINI,2011,46.9
CHL,Chile,SI.POV.GINI,2009,47.4
CHL,Chile,SI.POV.GINI,2006,47.7
CHL,Chile,SI.POV.GINI,2003,51.5
CHL,Chile,SI.POV.GINI,2000,52.8
CHL,Chile,SI.POV.GINI,1998,55.5
CHL,Chile,SI.POV.GINI,1996,54.9
CHL,Chile,SI.POV.GINI,1994,56.4
CHL,Chile,SI.POV.GINI,1992,54.8
CHL,Chile,SI.POV.GINI,1990,57.2
CHN,China,SI.POV.GINI,2020,37.1
CHN,China,SI.POV.GINI,2019,38.2
CHN,China,SI.POV.GINI,2018,38.5
CHN,China,SI.POV.GINI,2017,39.1
CHN,China,SI.POV.GINI,2016,38.5
CHN,China,SI.POV.GINI,2015,38.6
CHN,China,SI.POV.GINI,2014,39.2
CHN,China,SI.POV.GINI,2013,39.7
CHN,China,SI.POV.GINI,2012,42.2
CHN,China,SI.POV.GINI,2011,42.4
CHN,China,SI.POV.GINI,2010,43.7
CHN,China,SI.POV.GINI,2008,43
CHN,China,SI.POV.GINI,2005,40.9
CHN,China,SI.POV.GINI,2002,42
CHN,China,SI.POV.GINI,1999,38.7
CHN,China,SI.POV.GINI,1996,35.2
CHN,China,SI.POV.GINI,1993,33.9
CHN,China,SI.POV.GINI,1990,32.2
CIV,Cote d'Ivoire,SI.POV.GINI,2018,37.2
CIV,Cote d'Ivoire,SI.POV.GINI,2015,41.5
CIV,Cote d'Ivoire,SI.POV.GINI,2008,43.2
CIV,Cote d'Ivoire,SI.POV.GINI,2002,41.3
CIV,Cote d'Ivoire,SI.POV.GINI,1998,39
CIV,Cote d'Ivoire,SI.POV.GINI,1995,40.6
CIV,Cote d'Ivoire,SI.POV.GINI,1992,39.4
CMR,Cameroon,SI.POV.GINI,2014,46.6
CMR,Cameroon,SI.POV.GINI,2007,42.8
CMR,Cameroon,SI.POV.GINI,2001,42.1
CMR,Cameroon,SI.POV.GINI,1996,44.4
COD,"Congo, Dem. Rep.",SI.POV.GINI,2020,44.7
COD,"Congo, Dem. Rep.",SI.POV.GINI,2012,42.1
COD,"Congo, Dem. Rep.",SI.POV.GINI,2004,41.6
COG,"Congo, Rep.",SI.POV.GINI,2011,48.9
COG,"Congo, Rep.",SI.POV.GINI,2005,47.3
COL,Colombia,SI.POV.GINI,2020,54.4
COL,Colombia,SI.POV.GINI,2019,52.5
COL,Colombia,SI.POV.GINI,2018,51.6
COL,Colombia,SI.POV.GINI,2017,50.9
COL,Colombia,SI.POV.GINI,2016,51.7
COL,Colombia,SI.POV.GINI,2015,52
COL,Colombia,SI.POV.GINI,2014,53.6
COL,Colombia,SI.POV.GINI,2013,53.5
COL,Colombia,SI.POV.GINI,2012,53.6
COL,Colombia,SI.POV.GINI,2011,53.3
COL,Colombia,SI.POV.GINI,2010,54.4
COL,Colombia,SI.POV.GINI,2009,54.1
COL,Colombia,SI.POV.GINI,2008,55
COL,Colombia,SI.POV.GINI,2005,53.9
COL,Colombia,SI.POV.GINI,2004,55
COL,Colombia,SI.POV.GINI,2003,53.6
COL,Colombia,SI.POV.GINI,2002,56
COL,Colombia,SI.POV.GINI,2001,57.3
COL,Colombia,SI.POV.GINI,2000,58.4
COL,Colombia,SI.POV.GINI,1999,58.5
COL,Colombia,SI.POV.GINI,1996,56.8
COL,Colombia,SI.POV.GINI,1992,51.3
COL,Colombia,SI.POV.GINI,1991,51.3
COM,Comoros,SI.POV.GINI,2020,34.2
COM,Comoros,SI.POV.GINI,2014,45.3
COM,Comoros,SI.POV.GINI,2004,55.9
CPV,Cabo Verde,SI.POV.GINI,2015,42.4
CPV,Cabo Verde,SI.POV.GINI,2007,47.2
CPV,Cabo Verde,SI.POV.GINI,2001,52.5
CRI,Costa Rica,SI.POV.GINI,2020,49.2
CRI,Costa Rica,SI.POV.GINI,2019,48.2
CRI,Costa Rica,SI.POV.GINI,2018,48
CRI,Costa Rica,SI.POV.GINI,2017,48.3
CRI,Costa Rica,SI.POV.GINI,2016,48.7
CRI,Costa Rica,SI.POV.GINI,2015,48.4
CRI,Costa Rica,SI.POV.GINI,2014,48.6
CRI,Costa Rica,SI.POV.GINI,2013,49.2
CRI,Costa Rica,SI.POV.GINI,2012,48.4
CRI,Costa Rica,SI.POV.GINI,2011,48.8
CRI,Costa Rica,SI.POV.GINI,2010,48
CRI,Costa Rica,SI.POV.GINI,2009,50.6
CRI,Costa Rica,SI.POV.GINI,2008,48.6
CRI,Costa Rica,SI.POV.GINI,2007,49.3
CRI,Costa Rica,SI.POV.GINI,2006,49.3
CRI,Costa Rica,SI.POV.GINI,2005,47.5
CRI,Costa Rica,SI.POV.GINI,2004,48.4
CRI,Costa Rica,SI.POV.GINI,2003,49.3
CRI,Costa Rica,SI.POV.GINI,2002,51.8
CRI,Costa Rica,SI.POV.GINI,2001,51.5
CRI,Costa Rica,SI.POV.GINI,2000,47.4
CRI,Costa Rica,SI.POV.GINI,1999,47.6
CRI,Costa Rica,SI.POV.GINI,1998,45.6
CRI,Costa Rica,SI.POV.GINI,1997,45.6
CRI,Costa Rica,SI.POV.GINI,1996,46.5
CRI,Costa Rica,SI.POV.GINI,1995,45.7
CRI,Costa Rica,SI.POV.GINI,1994,46.7
CRI,Costa Rica,SI.POV.GINI,1993,45.9
CRI,Costa Rica,SI.POV.GINI,1992,45.6
CRI,Costa Rica,SI.POV.GINI,1991,46.6
CRI,Costa Rica,SI.POV.GINI,1990,45.2
CYP,Cyprus,SI.POV.GINI,2020,31.7
CYP,Cyprus,SI.POV.GINI,2019,31.2
CYP,Cyprus,SI.POV.GINI,2018,32.7
CYP,Cyprus,SI.POV.GINI,2017,31.4
CYP,Cyprus,SI.POV.GINI,2016,32.9
CYP,Cyprus,SI.POV.GINI,2015,34
CYP,Cyprus,SI.POV.GINI,2014,35.6
CYP,Cyprus,SI.POV.GINI,2013,37
CYP,Cyprus,SI.POV.GINI,2012,34.3
CYP,Cyprus,SI.POV.GINI,2011,32.6
CYP,Cyprus,SI.POV.GINI,2010,31.5
CYP,Cyprus,SI.POV.GINI,2009,32.1
CYP,Cyprus,SI.POV.GINI,2008,31.7
CYP,Cyprus,SI.POV.GINI,2007,31.1
CYP,Cyprus,SI.POV.GINI,2006,31.1
CYP,Cyprus,SI.POV.GINI,2005,30.3
CYP,Cyprus,SI.POV.GINI,2004,30.1
CZE,Czechia,SI.POV.GINI,2020,26.2
CZE,Czechia,SI.POV.GINI,2019,25.3
CZE,Czechia,SI.POV.GINI,2018,25
CZE,Czechia,SI.POV.GINI,2017,24.9
CZE,Czechia,SI.POV.GINI,2016,25.4
CZE,Czechia,SI.POV.GINI,2015,25.9
CZE,Czechia,SI.POV.GINI,2014,25.9
CZE,Czechia,SI.POV.GINI,2013,26.5
CZE,Czechia,SI.POV.GINI,2012,26.1
CZE,Czechia,SI.POV.GINI,2011,26.4
CZE,Czechia,SI.POV.GINI,2010,26.6
CZE,Czechia,SI.POV.GINI,2009,26.2
CZE,Czechia,SI.POV.GINI,2008,26.3
CZE,Czechia,SI.POV.GINI,2007,26
CZE,Czechia,SI.POV.GINI,2006,26.7
CZE,Czechia,SI.POV.GINI,2005,26.9
CZE,Czechia,SI.POV.GINI,2004,27.5
CZE,Czechia,SI.POV.GINI,2002,26.6
CZE,Czechia,SI.POV.GINI,1996,25.8
CZE,Czechia,SI.POV.GINI,1993,26.6
CZE,Czechia,SI.POV.GINI,1992,20.7
DEU,Germany,SI.POV.GINI,2020,32.5
DEU,Germany,SI.POV.GINI,2019,32.2
DEU,Germany,SI.POV.GINI,2018,31.9
DEU,Germany,SI.POV.GINI,2017,31.3
DEU,Germany,SI.POV.GINI,2016,31.3
DEU,Germany,SI.POV.GINI,2015,31.4
DEU,Germany,SI.POV.GINI,2014,30.8
DEU,Germany,SI.POV.GINI,2013,31.4
DEU,Germany,SI.POV.GINI,2012,30.9
DEU,Germany,SI.POV.GINI,2011,30.4
DEU,Germany,SI.POV.GINI,2010,30.2
DEU,Germany,SI.POV.GINI,2009,30.4
DEU,Germany,SI.POV.GINI,2008,30.6
DEU,Germany,SI.POV.GINI,2007,31.2
DEU,Germany,SI.POV.GINI,2006,31
DEU,Germany,SI.POV.GINI,2005,31.6
DEU,Germany,SI.POV.GINI,2004,30.1
DEU,Germany,SI.POV.GINI,2003,29.9
DEU,Germany,SI.POV.GINI,2002,29.9
DEU,Germany,SI.POV.GINI,2001,29.9
DEU,Germany,SI.POV.GINI,2000,28.7
DEU,Germany,SI.POV.GINI,1999,29
DEU,Germany,SI.POV.GINI,1998,28.1
DEU,Germany,SI.POV.GINI,1997,28.2
DEU,Germany,SI.POV.GINI,1996,28.3
DEU,Germany,SI.POV.GINI,1995,28.7
DEU,Germany,SI.POV.GINI,1994,29.1
DEU,Germany,SI.POV.GINI,1993,28.4
DEU,Germany,SI.POV.GINI,1992,29
DEU,Germany,SI.POV.GINI,1991,29.3
DJI,Djibouti,SI.POV.GINI,2017,41.6
DJI,Djibouti,SI.POV.GINI,2013,44.1
DJI,Djibouti,SI.POV.GINI,2012,45.1
DJI,Djibouti,SI.POV.GINI,2002,40
DNK,Denmark,SI.POV.GINI,2020,27.5
DNK,Denmark,SI.POV.GINI,2019,27.7
DNK,Denmark,SI.POV.GINI,2018,28.2
DNK,Denmark,SI.POV.GINI,2017,28.7
DNK,Denmark,SI.POV.GINI,2016,28.2
DNK,Denmark,SI.POV.GINI,2015,28.2
DNK,Denmark,SI.POV.GINI,2014,28.4
DNK,Denmark,SI.POV.GINI,2013,28.5
DNK,Denmark,SI.POV.GINI,2012,27.8
DNK,Denmark,SI.POV.GINI,2011,27.3
DNK,Denmark,SI.POV.GINI,2010,27.2
DNK,Denmark,SI.POV.GINI,2009,26.7
DNK,Denmark,SI.POV.GINI,2008,25.2
DNK,Denmark,SI.POV.GINI,2007,26.2
DNK,Denmark,SI.POV.GINI,2006,25.9
DNK,Denmark,SI.POV.GINI,2005,25.2
DNK,Denmark,SI.POV.GINI,2004,24.9
DNK,Denmark,SI.POV.GINI,2003,25.6
DNK,Denmark,SI.POV.GINI,2000,23.8
DNK,Denmark,SI.POV.GINI,1995,23
DNK,Denmark,SI.POV.GINI,1992,24.7
DOM,Dominican Republic,SI.POV.GINI,2020,39.6
DOM,Dominican Republic,SI.POV.GINI,2019,41.9
DOM,Dominican Republic,SI.POV.GINI,2018,43.7
DOM,Dominican Republic,SI.POV.GINI,2017,42.2
DOM,Dominican Republic,SI.POV.GINI,2016,45.7
DOM,Dominican Republic,SI.POV.GINI,2015,45.2
DOM,Dominican Republic,SI.POV.GINI,2014,44.3
DOM,Dominican Republic,SI.POV.GINI,2013,47.7
DOM,Dominican Republic,SI.POV.GINI,2012,46.1
DOM,Dominican Republic,SI.POV.GINI,2011,47.7
DOM,Dominican Republic,SI.POV.GINI,2010,47.3
DOM,Dominican Republic,SI.POV.GINI,2009,48.9
DOM,Dominican Republic,SI.POV.GINI,2008,48.1
DOM,Dominican Republic,SI.POV.GINI,2007,48.9
DOM,Dominican Republic,SI.POV.GINI,2006,52
DOM,Dominican Republic,SI.POV.GINI,2005,50
DOM,Dominican Republic,SI.POV.GINI,2004,52.1
DOM,Dominican Republic,SI.POV.GINI,2003,52.1
DOM,Dominican Republic,SI.POV.GINI,2002,49.7
DOM,Dominican Republic,SI.POV.GINI,2001,50
DOM,Dominican Republic,SI.POV.GINI,2000,51.5
DOM,Dominican Republic,SI.POV.GINI,1997,48.9
DOM,Dominican Republic,SI.POV.GINI,1996,47.4
DOM,Dominican Republic,SI.POV.GINI,1992,51.1
DZA,Algeria,SI.POV.GINI,2011,27.6
DZA,Algeria,SI.POV.GINI,1995,35.3
ECU,Ecuador,SI.POV.GINI,2020,47.3
ECU,Ecuador,SI.POV.GINI,2019,45.7
ECU,Ecuador,SI.POV.GINI,2018,45.4
ECU,Ecuador,SI.POV.GINI,2017,44.7
ECU,Ecuador,SI.POV.GINI,2016,45
ECU,Ecuador,SI.POV.GINI,2015,46
ECU,Ecuador,SI.POV.GINI,2014,45
ECU,Ecuador,SI.POV.GINI,2013,46.9
ECU,Ecuador,SI.POV.GINI,2012,46.1
ECU,Ecuador,SI.POV.GINI,2011,45.9
ECU,Ecuador,SI.POV.GINI,2010,48.8
ECU,Ecuador,SI.POV.GINI,2009,48.5
ECU,Ecuador,SI.POV.GINI,2008,49.8
ECU,Ecuador,SI.POV.GINI,2007,53.4
ECU,Ecuador,SI.POV.GINI,2006,52.3
ECU,Ecuador,SI.POV.GINI,2005,53.1
ECU,Ecuador,SI.POV.GINI,2004,53.9
ECU,Ecuador,SI.POV.GINI,2003,53.5
ECU,Ecuador,SI.POV.GINI,2000,56.3
ECU,Ecuador,SI.POV.GINI,1999,58.6
ECU,Ecuador,SI.POV.GINI,1998,49.6
ECU,Ecuador,SI.POV.GINI,1995,50.8
ECU,Ecuador,SI.POV.GINI,1994,53.3
EGY,"Egypt, Arab Rep.",SI.POV.GINI,2019,31.9
EGY,"Egypt, Arab Rep.",SI.POV.GINI,2017,31.5
EGY,"Egypt, Arab Rep.",SI.POV.GINI,2015,31.8
EGY,"Egypt, Arab Rep.",SI.POV.GINI,2012,28.3
EGY,"Egypt, Arab Rep.",SI.POV.GINI,2010,30.2
EGY,"Egypt, Arab Rep.",SI.POV.GINI,2008,31.1
EGY,"Egypt, Arab Rep.",SI.POV.GINI,2004,31.8
EGY,"Egypt, Arab Rep.",SI.POV.GINI,1999,30.8
EGY,"Egypt, Arab Rep.",SI.POV.GINI,1995,30.1
EGY,"Egypt, Arab Rep.",SI.POV.GINI,1990,32
ESP,Spain,SI.POV.GINI,2020,34.9
ESP,Spain,SI.POV.GINI,2019,34.3
ESP,Spain,SI.POV.GINI,2018,34.7
ESP,Spain,SI.POV.GINI,2017,34.7
ESP,Spain,SI.POV.GINI,2016,35.8
ESP,Spain,SI.POV.GINI,2015,36.2
ESP,Spain,SI.POV.GINI,2014,36.1
ESP,Spain,SI.POV.GINI,2013,36.2
ESP,Spain,SI.POV.GINI,2012,35.4
ESP,Spain,SI.POV.GINI,2011,35.7
ESP,Spain,SI.POV.GINI,2010,35.2
ESP,Spain,SI.POV.GINI,2009,34.9
ESP,Spain,SI.POV.GINI,2008,34.2
ESP,Spain,SI.POV.GINI,2007,34.1
ESP,Spain,SI.POV.GINI,2006,33.5
ESP,Spain,SI.POV.GINI,2005,32.4
ESP,Spain,SI.POV.GINI,2004,33.3
ESP,Spain,SI.POV.GINI,2003,31.8
ESP,Spain,SI.POV.GINI,2000,34.1
ESP,Spain,SI.POV.GINI,1999,33.8
ESP,Spain,SI.POV.GINI,1998,34.6
ESP,Spain,SI.POV.GINI,1997,35.3
ESP,Spain,SI.POV.GINI,1996,36.5
ESP,Spain,SI.POV.GINI,1995,35.7
ESP,Spain,SI.POV.GINI,1994,35.1
ESP,Spain,SI.POV.GINI,1993,35.7
ESP,Spain,SI.POV.GINI,1990,32
EST,Estonia,SI.POV.GINI,2020,30.7
EST,Estonia,SI.POV.GINI,2019,30.8
EST,Estonia,SI.POV.GINI,2018,30.3
EST,Estonia,SI.POV.GINI,2017,30.4
EST,Estonia,SI.POV.GINI,2016,31.2
EST,Estonia,SI.POV.GINI,2015,32.7
EST,Estonia,SI.POV.GINI,2014,34.6
EST,Estonia,SI.POV.GINI,2013,35.1
EST,Estonia,SI.POV.GINI,2012,32.9
EST,Estonia,SI.POV.GINI,2011,32.5
EST,Estonia,SI.POV.GINI,2010,32
EST,Estonia,SI.POV.GINI,2009,31.4
EST,Estonia,SI.POV.GINI,2008,31.9
EST,Estonia,SI.POV.GINI,2007,31.2
EST,Estonia,SI.POV.GINI,2006,33.7
EST,Estonia,SI.POV.GINI,2005,33.4
EST,Estonia,SI.POV.GINI,2004,33.6
EST,Estonia,SI.POV.GINI,2003,37.2
EST,Estonia,SI.POV.GINI,2002,35.8
EST,Estonia,SI.POV.GINI,2001,36
EST,Estonia,SI.POV.GINI,2000,35.8
EST,Estonia,SI.POV.GINI,1998,37.6
EST,Estonia,SI.POV.GINI,1995,30.1
EST,Estonia,SI.POV.GINI,1993,39.4
ETH,Ethiopia,SI.POV.GINI,2015,35
ETH,Ethiopia,SI.POV.GINI,2010,33.2
ETH,Ethiopia,SI.POV.GINI,2004,29.8
ETH,Ethiopia,SI.POV.GINI,1999,30
ETH,Ethiopia,SI.POV.GINI,1995,44.6
FIN,Finland,SI.POV.GINI,2020,27.1
FIN,Finland,SI.POV.GINI,2019,27.7
FIN,Finland,SI.POV.GINI,2018,27.3
FIN,Finland,SI.POV.GINI,2017,27.4
FIN,Finland,SI.POV.GINI,2016,27.1
FIN,Finland,SI.POV.GINI,2015,27.1
FIN,Finland,SI.POV.GINI,2014,26.8
FIN,Finland,SI.POV.GINI,2013,27.2
FIN,Finland,SI.POV.GINI,2012,27.1
FIN,Finland,SI.POV.GINI,2011,27.6
FIN,Finland,SI.POV.GINI,2010,27.7
FIN,Finland,SI.POV.GINI,2009,27.5
FIN,Finland,SI.POV.GINI,2008,27.8
FIN,Finland,SI.POV.GINI,2007,28.3
FIN,Finland,SI.POV.GINI,2006,28
FIN,Finland,SI.POV.GINI,2005,27.6
FIN,Finland,SI.POV.GINI,2004,27.9
FIN,Finland,SI.POV.GINI,2003,27.7
FIN,Finland,SI.POV.GINI,2000,27.2
FIN,Finland,SI.POV.GINI,1995,23.5
FIN,Finland,SI.POV.GINI,1991,22.9
FJI,Fiji,SI.POV.GINI,2019,30.7
FJI,Fiji,SI.POV.GINI,2013,36.7
FJI,Fiji,SI.POV.GINI,2008,40.4
FJI,Fiji,SI.POV.GINI,2002,38.1
FRA,France,SI.POV.GINI,2020,30.7
FRA,France,SI.POV.GINI,2019,31.2
FRA,France,SI.POV.GINI,2018,32.4
FRA,France,SI.POV.GINI,2017,31.6
FRA,France,SI.POV.GINI,2016,31.9
FRA,France,SI.POV.GINI,2015,32.7
FRA,France,SI.POV.GINI,2014,32.3
FRA,France,SI.POV.GINI,2013,32.5
FRA,France,SI.POV.GINI,2012,33.1
FRA,France,SI.POV.GINI,2011,33.3
FRA,France,SI.POV.GINI,2010,33.7
FRA,France,SI.POV.GINI,2009,32.7
FRA,France,SI.POV.GINI,2008,33
FRA,France,SI.POV.GINI,2007,32.4
FRA,France,SI.POV.GINI,2006,29.7
FRA,France,SI.POV.GINI,2005,29.8
FRA,France,SI.POV.GINI,2004,30.6
FRA,France,SI.POV.GINI,2003,31.4
FRA,France,SI.POV.GINI,2002,31.8
FRA,France,SI.POV.GINI,2001,32.5
FRA,France,SI.POV.GINI,2000,32.6
FRA,France,SI.POV.GINI,1999,32.5
FRA,France,SI.POV.GINI,1998,31.7
FRA,France,SI.POV.GINI,1997,31.9
FRA,France,SI.POV.GINI,1996,32
FRA,France,SI.POV.GINI,1990,32.1
FSM,"Micronesia, Fed. Sts.",SI.POV.GINI,2013,40.1
FSM,"Micronesia, Fed. Sts.",SI.POV.GINI,2005,42.4
GAB,Gabon,SI.POV.GINI,2017,38
GAB,Gabon,SI.POV.GINI,2005,42.2
GBR,United Kingdom,SI.POV.GINI,2020,32.7
GBR,United Kingdom,SI.POV.GINI,2019,32.8
GBR,United Kingdom,SI.POV.GINI,2018,33.7
GBR,United Kingdom,SI.POV.GINI,2017,32.6
GBR,United Kingdom,SI.POV.GINI,2016,33.1
GBR,United Kingdom,SI.POV.GINI,2015,33.3
GBR,United Kingdom,SI.POV.GINI,2014,33.1
GBR,United Kingdom,SI.POV.GINI,2013,32.7
GBR,United Kingdom,SI.POV.GINI,2012,33.1
GBR,United Kingdom,SI.POV.GINI,2011,33.2
GBR,United Kingdom,SI.POV.GINI,2010,33.7
GBR,United Kingdom,SI.POV.GINI,2009,35.1
GBR,United Kingdom,SI.POV.GINI,2008,35.4
GBR,United Kingdom,SI.POV.GINI,2007,34.4
GBR,United Kingdom,SI.POV.GINI,2006,35.9
GBR,United Kingdom,SI.POV.GINI,2005,35.5
GBR,United Kingdom,SI.POV.GINI,2004,34.8
GBR,United Kingdom,SI.POV.GINI,2003,34.9
GBR,United Kingdom,SI.POV.GINI,2002,35.1
GBR,United Kingdom,SI.POV.GINI,2001,37.1
GBR,United Kingdom,SI.POV.GINI,2000,38.9
GBR,United Kingdom,SI.POV.GINI,1999,36.8
GBR,United Kingdom,SI.POV.GINI,1998,36.6
GBR,United Kingdom,SI.POV.GINI,1997,35.7
GBR,United Kingdom,SI.POV.GINI,1996,35.3
GBR,United Kingdom,SI.POV.GINI,1995,35.5
GBR,United Kingdom,SI.POV.GINI,1994,36
GBR,United Kingdom,SI.POV.GINI,1993,35.1
GBR,United Kingdom,SI.POV.GINI,1992,35
GBR,United Kingdom,SI.POV.GINI,1991,35
GBR,United Kingdom,SI.POV.GINI,1990,35.7
GEO,Georgia,SI.POV.GINI,2020,34.5
GEO,Georgia,SI.POV.GINI,2019,35.9
GEO,Georgia,SI.POV.GINI,2018,36.4
GEO,Georgia,SI.POV.GINI,2017,37.9
GEO,Georgia,SI.POV.GINI,2016,36.6
GEO,Georgia,SI.POV.GINI,2015,36.5
GEO,Georgia,SI.POV.GINI,2014,37.6
GEO,Georgia,SI.POV.GINI,2013,38.6
GEO,Georgia,SI.POV.GINI,2012,39
GEO,Georgia,SI.POV.GINI,2011,39.6
GEO,Georgia,SI.POV.GINI,2010,39.5
GEO,Georgia,SI.POV.GINI,2009,38.2
GEO,Georgia,SI.POV.GINI,2008,38.5
GEO,Georgia,SI.POV.GINI,2007,38.1
GEO,Georgia,SI.POV.GINI,2006,36.9
GEO,Georgia,SI.POV.GINI,2005,37.4
GEO,Georgia,SI.POV.GINI,2004,36.2
GEO,Georgia,SI.POV.GINI,2003,36.6
GEO,Georgia,SI.POV.GINI,2002,37.2
GEO,Georgia,SI.POV.GINI,2001,39.6
GEO,Georgia,SI.POV.GINI,2000,40.5
GEO,Georgia,SI.POV.GINI,1999,40.1
GEO,Georgia,SI.POV.GINI,1998,41.2
GEO,Georgia,SI.POV.GINI,1997,40.7
GEO,Georgia,SI.POV.GINI,1996,37.1
GHA,Ghana,SI.POV.GINI,2016,43.5
GHA,Ghana,SI.POV.GINI,2012,42.4
GHA,Ghana,SI.POV.GINI,2005,42.8
GHA,Ghana,SI.POV.GINI,1998,40.1
GHA,Ghana,SI.POV.GINI,1991,38.4
GIN,Guinea,SI.POV.GINI,2018,29.6
GIN,Guinea,SI.POV.GINI,2012,33.7
GIN,Guinea,SI.POV.GINI,2007,39.4
GIN,Guinea,SI.POV.GINI,2002,43
GIN,Guinea,SI.POV.GINI,1994,46.1
GIN,Guinea,SI.POV.GINI,1991,45.6
GMB,"Gambia, The",SI.POV.GINI,2020,38.8
GMB,"Gambia, The",SI.POV.GINI,2015,35.9
GMB,"Gambia, The",SI.POV.GINI,2010,43.6
GMB,"Gambia, The",SI.POV.GINI,2003,47.3
GMB,"Gambia, The",SI.POV.GINI,1998,48.3
GNB,Guinea-Bissau,SI.POV.GINI,2018,34.8
GNB,Guinea-Bissau,SI.POV.GINI,2010,50.6
GNB,Guinea-Bissau,SI.POV.GINI,2002,35.6
GNB,Guinea-Bissau,SI.POV.GINI,1993,43.6
GNB,Guinea-Bissau,SI.POV.GINI,1991,55.8
GRC,Greece,SI.POV.GINI,2020,33.6
GRC,Greece,SI.POV.GINI,2019,33.1
GRC,Greece,SI.POV.GINI,2018,32.9
GRC,Greece,SI.POV.GINI,2017,34.4
GRC,Greece,SI.POV.GINI,2016,35
GRC,Greece,SI.POV.GINI,2015,36
GRC,Greece,SI.POV.GINI,2014,35.8
GRC,Greece,SI.POV.GINI,2013,36.1
GRC,Greece,SI.POV.GINI,2012,36.3
GRC,Greece,SI.POV.GINI,2011,34.8
GRC,Greece,SI.POV.GINI,2010,34.1
GRC,Greece,SI.POV.GINI,2009,33.6
GRC,Greece,SI.POV.GINI,2008,33.6
GRC,Greece,SI.POV.GINI,2007,34
GRC,Greece,SI.POV.GINI,2006,35.1
GRC,Greece,SI.POV.GINI,2005,34.6
GRC,Greece,SI.POV.GINI,2004,33.6
GRC,Greece,SI.POV.GINI,2003,32.8
GRC,Greece,SI.POV.GINI,2002,35.5
GRC,Greece,SI.POV.GINI,2000,34.4
GRC,Greece,SI.POV.GINI,1995,36.5
GRD,Grenada,SI.POV.GINI,2018,43.8
GTM,Guatemala,SI.POV.GINI,2014,48.3
GTM,Guatemala,SI.POV.GINI,2006,54.5
GTM,Guatemala,SI.POV.GINI,2000,54.2
GTM,Guatemala,SI.POV.GINI,1998,49.4
GUY,Guyana,SI.POV.GINI,1998,45.1
GUY,Guyana,SI.POV.GINI,1992,39.5
HND,Honduras,SI.POV.GINI,2019,48.2
HND,Honduras,SI.POV.GINI,2018,48.9
HND,Honduras,SI.POV.GINI,2017,49.4
HND,Honduras,SI.POV.GINI,2016,49.8
HND,Honduras,SI.POV.GINI,2015,49.2
HND,Honduras,SI.POV.GINI,2014,49.9
HND,Honduras,SI.POV.GINI,2013,50
HND,Honduras,SI.POV.GINI,2012,53.4
HND,Honduras,SI.POV.GINI,2011,52.6
HND,Honduras,SI.POV.GINI,2010,53.1
HND,Honduras,SI.POV.GINI,2009,51.3
HND,Honduras,SI.POV.GINI,2008,55.5
HND,Honduras,SI.POV.GINI,2007,55.8
HND,Honduras,SI.POV.GINI,2006,57.5
HND,Honduras,SI.POV.GINI,2005,59.5
HND,Honduras,SI.POV.GINI,2004,58.1
HND,Honduras,SI.POV.GINI,2003,58.1
HND,Honduras,SI.POV.GINI,2002,55.7
HND,Honduras,SI.POV.GINI,2001,55.4
HND,Honduras,SI.POV.GINI,1999,55.2
HND,Honduras,SI.POV.GINI,1998,57.3
HND,Honduras,SI.POV.GINI,1997,52.7
HND,Honduras,SI.POV.GINI,1996,55.7
HND,Honduras,SI.POV.GINI,1995,55.5
HND,Honduras,SI.POV.GINI,1994,55
HND,Honduras,SI.POV.GINI,1993,53.4
HND,Honduras,SI.POV.GINI,1992,51.8
HND,Honduras,SI.POV.GINI,1991,51.8
HND,Honduras,SI.POV.GINI,1990,55.9
HRV,Croatia,SI.POV.GINI,2020,29.5
HRV,Croatia,SI.POV.GINI,2019,28.9
HRV,Croatia,SI.POV.GINI,2018,29.7
HRV,Croatia,SI.POV.GINI,2017,30.4
HRV,Croatia,SI.POV.GINI,2016,30.9
HRV,Croatia,SI.POV.GINI,2015,31.1
HRV,Croatia,SI.POV.GINI,2014,32.1
HRV,Croatia,SI.POV.GINI,2013,32
HRV,Croatia,SI.POV.GINI,2012,32.5
HRV,Croatia,SI.POV.GINI,2011,32.3
HRV,Croatia,SI.POV.GINI,2010,32.4
HRV,Croatia,SI.POV.GINI,2009,32.6
HRV,Croatia,SI.POV.GINI,2008,33.7
HRV,Croatia,SI.POV.GINI,2004,29.7
HRV,Croatia,SI.POV.GINI,2001,31.1
HRV,Croatia,SI.POV.GINI,2000,31.3
HRV,Croatia,SI.POV.GINI,1999,27.6
HRV,Croatia,SI.POV.GINI,1998,28.7
HTI,Haiti,SI.POV.GINI,2012,41.1
HTI,Haiti,SI.POV.GINI,2001,59
HUN,Hungary,SI.POV.GINI,2017,30.6
HUN,Hungary,SI.POV.GINI,2016,30.3
HUN,Hungary,SI.POV.GINI,2015,30.4
HUN,Hungary,SI.POV.GINI,2014,30.9
HUN,Hungary,SI.POV.GINI,2013,31.5
HUN,Hungary,SI.POV.GINI,2012,30.8
HUN,Hungary,SI.POV.GINI,2011,29.2
HUN,Hungary,SI.POV.GINI,2010,29.4
HUN,Hungary,SI.POV.GINI,2009,27
HUN,Hungary,SI.POV.GINI,2008,27.5
HUN,Hungary,SI.POV.GINI,2007,27.9
HUN,Hungary,SI.POV.GINI,2006,28.3
HUN,Hungary,SI.POV.GINI,2005,34.7
HUN,Hungary,SI.POV.GINI,2004,29.9
HUN,Hungary,SI.POV.GINI,2003,30.9
HUN,Hungary,SI.POV.GINI,2002,26.8
HUN,Hungary,SI.POV.GINI,2001,26.9
HUN,Hungary,SI.POV.GINI,2000,27.2
HUN,Hungary,SI.POV.GINI,1999,30.2
HUN,Hungary,SI.POV.GINI,1998,26.4
HUN,Hungary,SI.POV.GINI,1994,33.3
HUN,Hungary,SI.POV.GINI,1993,27.9
HUN,Hungary,SI.POV.GINI,1991,29.6
IDN,Indonesia,SI.POV.GINI,2020,35.3
IDN,Indonesia,SI.POV.GINI,2019,35.4
IDN,Indonesia,SI.POV.GINI,2018,36.3
IDN,Indonesia,SI.POV.GINI,2017,36.4
IDN,Indonesia,SI.POV.GINI,2016,36.9
IDN,Indonesia,SI.POV.GINI,2015,38.2
IDN,Indonesia,SI.POV.GINI,2014,38.8
IDN,Indonesia,SI.POV.GINI,2013,38.9
IDN,Indonesia,SI.POV.GINI,2012,37.1
IDN,Indonesia,SI.POV.GINI,2011,37.9
IDN,Indonesia,SI.POV.GINI,2010,34.6
IDN,Indonesia,SI.POV.GINI,2009,33.4
IDN,Indonesia,SI.POV.GINI,2008,32.6
IDN,Indonesia,SI.POV.GINI,2007,33.2
IDN,Indonesia,SI.POV.GINI,2006,31.5
IDN,Indonesia,SI.POV.GINI,2005,29.9
IDN,Indonesia,SI.POV.GINI,2004,30.4
IDN,Indonesia,SI.POV.GINI,2003,29.3
IDN,Indonesia,SI.POV.GINI,2002,30.2
IDN,Indonesia,SI.POV.GINI,2001,31.2
IDN,Indonesia,SI.POV.GINI,2000,30.3
IDN,Indonesia,SI.POV.GINI,1999,30.8
IDN,Indonesia,SI.POV.GINI,1998,30.9
IDN,Indonesia,SI.POV.GINI,1996,34.2
IDN,Indonesia,SI.POV.GINI,1993,31.8
IDN,Indonesia,SI.POV.GINI,1990,31.1
IND,India,SI.POV.GINI,2011,28.8
IND,India,SI.POV.GINI,2009,27.8
IND,India,SI.POV.GINI,2004,27.7
IND,India,SI.POV.GINI,1993,26.1
IRL,Ireland,SI.POV.GINI,2020,29.2
IRL,Ireland,SI.POV.GINI,2019,30.3
IRL,Ireland,SI.POV.GINI,2018,30.6
IRL,Ireland,SI.POV.GINI,2017,31.4
IRL,Ireland,SI.POV.GINI,2016,32.8
IRL,Ireland,SI.POV.GINI,2015,31.8
IRL,Ireland,SI.POV.GINI,2014,31.9
IRL,Ireland,SI.POV.GINI,2013,33.5
IRL,Ireland,SI.POV.GINI,2012,33.2
IRL,Ireland,SI.POV.GINI,2011,32.9
IRL,Ireland,SI.POV.GINI,2010,32.3
IRL,Ireland,SI.POV.GINI,2009,32.7
IRL,Ireland,SI.POV.GINI,2008,30.9
IRL,Ireland,SI.POV.GINI,2007,31.9
IRL,Ireland,SI.POV.GINI,2006,32.7
IRL,Ireland,SI.POV.GINI,2005,33.8
IRL,Ireland,SI.POV.GINI,2004,33.6
IRL,Ireland,SI.POV.GINI,2003,32.9
IRL,Ireland,SI.POV.GINI,2002,32.3
IRL,Ireland,SI.POV.GINI,2000,33
IRL,Ireland,SI.POV.GINI,1996,35.6
IRL,Ireland,SI.POV.GINI,1995,37
IRL,Ireland,SI.POV.GINI,1994,36.9
IRN,"Iran, Islamic Rep.",SI.POV.GINI,2020,35.8
IRN,"Iran, Islamic Rep.",SI.POV.GINI,2019,36.5
IRN,"Iran, Islamic Rep.",SI.POV.GINI,2018,37.4
IRN,"Iran, Islamic Rep.",SI.POV.GINI,2017,36.7
IRN,"Iran, Islamic Rep.",SI.POV.GINI,2016,35.9
IRN,"Iran, Islamic Rep.",SI.POV.GINI,2015,35.3
IRN,"Iran, Islamic Rep.",SI.POV.GINI,2014,34.8
IRN,"Iran, Islamic Rep.",SI.POV.GINI,2013,34
IRN,"Iran, Islamic Rep.",SI.POV.GINI,2012,34.4
IRN,"Iran, Islamic Rep.",SI.POV.GINI,2011,34.7
IRN,"Iran, Islamic Rep.",SI.POV.GINI,2009,42.1
IRN,"Iran, Islamic Rep.",SI.POV.GINI,2006,44.8
IRN,"Iran, Islamic Rep.",SI.POV.GINI,2005,43.6
IRN,"Iran, Islamic Rep.",SI.POV.GINI,1998,44.1
IRN,"Iran, Islamic Rep.",SI.POV.GINI,1994,43
IRN,"Iran, Islamic Rep.",SI.POV.GINI,1990,43.6
IRQ,Iraq,SI.POV.GINI,2012,29.5
IRQ,Iraq,SI.POV.GINI,2006,28.6
ISL,Iceland,SI.POV.GINI,2019,26.8
ISL,Iceland,SI.POV.GINI,2018,26.6
ISL,Iceland,SI.POV.GINI,2017,26.1
ISL,Iceland,SI.POV.GINI,2016,27.2
ISL,Iceland,SI.POV.GINI,2015,26.8
ISL,Iceland,SI.POV.GINI,2014,27.8
ISL,Iceland,SI.POV.GINI,2013,25.4
ISL,Iceland,SI.POV.GINI,2012,26.8
ISL,Iceland,SI.POV.GINI,2011,26.8
ISL,Iceland,SI.POV.GINI,2010,26.2
ISL,Iceland,SI.POV.GINI,2009,28.7
ISL,Iceland,SI.POV.GINI,2008,31.8
ISL,Iceland,SI.POV.GINI,2007,29.5
ISL,Iceland,SI.POV.GINI,2006,30.2
ISL,Iceland,SI.POV.GINI,2005,29
ISL,Iceland,SI.POV.GINI,2004,28
ISL,Iceland,SI.POV.GINI,2003,26.8
ISR,Israel,SI.POV.GINI,2020,37.8
ISR,Israel,SI.POV.GINI,2019,38.3
ISR,Israel,SI.POV.GINI,2018,38.6
ISR,Israel,SI.POV.GINI,2017,38.2
ISR,Israel,SI.POV.GINI,2016,39
ISR,Israel,SI.POV.GINI,2015,39.7
ISR,Israel,SI.POV.GINI,2014,39.8
ISR,Israel,SI.POV.GINI,2013,39.9
ISR,Israel,SI.POV.GINI,2012,41.3
ISR,Israel,SI.POV.GINI,2011,41.5
ISR,Israel,SI.POV.GINI,2010,42.6
ISR,Israel,SI.POV.GINI,2009,42.6
ISR,Israel,SI.POV.GINI,2008,41.6
ISR,Israel,SI.POV.GINI,2007,41.1
ISR,Israel,SI.POV.GINI,2006,41.6
ISR,Israel,SI.POV.GINI,2005,42.3
ISR,Israel,SI.POV.GINI,2004,41.5
ISR,Israel,SI.POV.GINI,2003,40.7
ISR,Israel,SI.POV.GINI,2002,39.6
ISR,Israel,SI.POV.GINI,2001,38.9
ISR,Israel,SI.POV.GINI,1997,38.1
ISR,Israel,SI.POV.GINI,1992,35.5
ITA,Italy,SI.POV.GINI,2020,35.2
ITA,Italy,SI.POV.GINI,2019,34.6
ITA,Italy,SI.POV.GINI,2018,35.2
ITA,Italy,SI.POV.GINI,2017,35.9
ITA,Italy,SI.POV.GINI,2016,35.2
ITA,Italy,SI.POV.GINI,2015,35.4
ITA,Italy,SI.POV.GINI,2014,34.7
ITA,Italy,SI.POV.GINI,2013,34.9
ITA,Italy,SI.POV.GINI,2012,35.2
ITA,Italy,SI.POV.GINI,2011,35.1
ITA,Italy,SI.POV.GINI,2010,34.7
ITA,Italy,SI.POV.GINI,2009,33.8
ITA,Italy,SI.POV.GINI,2008,33.8
ITA,Italy,SI.POV.GINI,2007,32.9
ITA,Italy,SI.POV.GINI,2006,33.7
ITA,Italy,SI.POV.GINI,2005,33.8
ITA,Italy,SI.POV.GINI,2004,34.3
ITA,Italy,SI.POV.GINI,2003,34.9
ITA,Italy,SI.POV.GINI,2002,34.7
ITA,Italy,SI.POV.GINI,2000,35.2
ITA,Italy,SI.POV.GINI,1998,36.7
ITA,Italy,SI.POV.GINI,1995,35.2
ITA,Italy,SI.POV.GINI,1993,35.1
ITA,Italy,SI.POV.GINI,1991,31.1
JAM,Jamaica,SI.POV.GINI,2018,35.3
JAM,Jamaica,SI.POV.GINI,2004,45.5
JAM,Jamaica,SI.POV.GINI,2002,48.3
JAM,Jamaica,SI.POV.GINI,1999,44.1
JAM,Jamaica,SI.POV.GINI,1996,40.4
JAM,Jamaica,SI.POV.GINI,1993,35.7
JAM,Jamaica,SI.POV.GINI,1990,41.1
JOR,Jordan,SI.POV.GINI,2010,33.7
JOR,Jordan,SI.POV.GINI,2008,32.6
JOR,Jordan,SI.POV.GINI,2006,33.9
JOR,Jordan,SI.POV.GINI,2002,37
JOR,Jordan,SI.POV.GINI,1997,36.4
JOR,Jordan,SI.POV.GINI,1992,43.1
JPN,Japan,SI.POV.GINI,2020,32.3
JPN,Japan,SI.POV.GINI,2019,33
JPN,Japan,SI.POV.GINI,2018,32.9
JPN,Japan,SI.POV.GINI,2017,31.8
JPN,Japan,SI.POV.GINI,2016,31.8
JPN,Japan,SI.POV.GINI,2015,30.7
JPN,Japan,SI.POV.GINI,2014,31.3
JPN,Japan,SI.POV.GINI,2013,31.5
JPN,Japan,SI.POV.GINI,2012,32.5
JPN,Japan,SI.POV.GINI,2011,33
JPN,Japan,SI.POV.GINI,2010,31.5
JPN,Japan,SI.POV.GINI,2009,33
JPN,Japan,SI.POV.GINI,2008,34.6
KAZ,Kazakhstan,SI.POV.GINI,2020,28.7
KAZ,Kazakhstan,SI.POV.GINI,2019,28
KAZ,Kazakhstan,SI.POV.GINI,2018,27.8
KAZ,Kazakhstan,SI.POV.GINI,2017,27.5
KAZ,Kazakhstan,SI.POV.GINI,2016,27.2
KAZ,Kazakhstan,SI.POV.GINI,2015,26.8
KAZ,Kazakhstan,SI.POV.GINI,2014,27
KAZ,Kazakhstan,SI.POV.GINI,2013,27.1
KAZ,Kazakhstan,SI.POV.GINI,2012,28.2
KAZ,Kazakhstan,SI.POV.GINI,2011,28
KAZ,Kazakhstan,SI.POV.GINI,2010,28
KAZ,Kazakhstan,SI.POV.GINI,2009,28.2
KAZ,Kazakhstan,SI.POV.GINI,2008,28.5
KAZ,Kazakhstan,SI.POV.GINI,2007,30.1
KAZ,Kazakhstan,SI.POV.GINI,2006,30.2
KAZ,Kazakhstan,SI.POV.GINI,2005,39.8
KAZ,Kazakhstan,SI.POV.GINI,2004,31.8
KAZ,Kazakhstan,SI.POV.GINI,2003,33.7
KAZ,Kazakhstan,SI.POV.GINI,2002,34.8
KAZ,Kazakhstan,SI.POV.GINI,2001,36
KAZ,Kazakhstan,SI.POV.GINI,1996,35.4
KAZ,Kazakhstan,SI.POV.GINI,1993,32.7
KEN,Kenya,SI.POV.GINI,2020,36.2
KEN,Kenya,SI.POV.GINI,2015,40.8
KEN,Kenya,SI.POV.GINI,2005,46.4
KEN,Kenya,SI.POV.GINI,1997,45
KEN,Kenya,SI.POV.GINI,1994,43.1
KEN,Kenya,SI.POV.GINI,1992,56.9
KGZ,Kyrgyz Republic,SI.POV.GINI,2020,29
KGZ,Kyrgyz Republic,SI.POV.GINI,2019,29.7
KGZ,Kyrgyz Republic,SI.POV.GINI,2018,27.7
KGZ,Kyrgyz Republic,SI.POV.GINI,2017,27.3
KGZ,Kyrgyz Republic,SI.POV.GINI,2016,26.8
KGZ,Kyrgyz Republic,SI.POV.GINI,2015,29
KGZ,Kyrgyz Republic,SI.POV.GINI,2014,26.8
KGZ,Kyrgyz Republic,SI.POV.GINI,2013,28.8
KGZ,Kyrgyz Republic,SI.POV.GINI,2012,27.4
KGZ,Kyrgyz Republic,SI.POV.GINI,2011,27.8
KGZ,Kyrgyz Republic,SI.POV.GINI,2010,30.1
KGZ,Kyrgyz Republic,SI.POV.GINI,2009,29.9
KGZ,Kyrgyz Republic,SI.POV.GINI,2008,31.5
KGZ,Kyrgyz Republic,SI.POV.GINI,2007,33.9
KGZ,Kyrgyz Republic,SI.POV.GINI,2006,37.4
KGZ,Kyrgyz Republic,SI.POV.GINI,2005,32.6
KGZ,Kyrgyz Republic,SI.POV.GINI,2004,34.8
KGZ,Kyrgyz Republic,SI.POV.GINI,2003,28.7
KGZ,Kyrgyz Republic,SI.POV.GINI,2002,30.3
KGZ,Kyrgyz Republic,SI.POV.GINI,2001,30.2
KGZ,Kyrgyz Republic,SI.POV.GINI,2000,31
KGZ,Kyrgyz Republic,SI.POV.GINI,1998,46.3
KIR,Kiribati,SI.POV.GINI,2019,27.8
KIR,Kiribati,SI.POV.GINI,2006,37
KOR,"Korea, Rep.",SI.POV.GINI,2020,32.7
KOR,"Korea, Rep.",SI.POV.GINI,2019,33.2
KOR,"Korea, Rep.",SI.POV.GINI,2018,33.7
KOR,"Korea, Rep.",SI.POV.GINI,2017,34.9
KOR,"Korea, Rep.",SI.POV.GINI,2016,35.2
KOR,"Korea, Rep.",SI.POV.GINI,2014,31.2
KOR,"Korea, Rep.",SI.POV.GINI,2012,31.6
KOR,"Korea, Rep.",SI.POV.GINI,2010,32
KOR,"Korea, Rep.",SI.POV.GINI,2008,32.3
KOR,"Korea, Rep.",SI.POV.GINI,2006,31.7
LAO,Lao PDR,SI.POV.GINI,2018,38.8
LAO,Lao PDR,SI.POV.GINI,2012,36
LAO,Lao PDR,SI.POV.GINI,2007,35.4
LAO,Lao PDR,SI.POV.GINI,2002,32.6
LAO,Lao PDR,SI.POV.GINI,1997,34.9
LAO,Lao PDR,SI.POV.GINI,1992,34.3
LBN,Lebanon,SI.POV.GINI,2011,31.8
LBR,Liberia,SI.POV.GINI,2016,35.3
LBR,Liberia,SI.POV.GINI,2014,33.2
LBR,Liberia,SI.POV.GINI,2007,36.4
LCA,St. Lucia,SI.POV.GINI,2015,43.7
LCA,St. Lucia,SI.POV.GINI,1995,42.6
LKA,Sri Lanka,SI.POV.GINI,2019,37.7
LKA,Sri Lanka,SI.POV.GINI,2016,39.3
LKA,Sri Lanka,SI.POV.GINI,2012,38.7
LKA,Sri Lanka,SI.POV.GINI,2009,36.1
LKA,Sri Lanka,SI.POV.GINI,2006,39.7
LKA,Sri Lanka,SI.POV.GINI,2002,40.2
LKA,Sri Lanka,SI.POV.GINI,1995,35.4
LKA,Sri Lanka,SI.POV.GINI,1990,32.4
LSO,Lesotho,SI.POV.GINI,2017,44.9
LSO,Lesotho,SI.POV.GINI,2002,51.2
LSO,Lesotho,SI.POV.GINI,1994,63
LTU,Lithuania,SI.POV.GINI,2020,36
LTU,Lithuania,SI.POV.GINI,2019,35.3
LTU,Lithuania,SI.POV.GINI,2018,35.7
LTU,Lithuania,SI.POV.GINI,2017,37.3
LTU,Lithuania,SI.POV.GINI,2016,38.4
LTU,Lithuania,SI.POV.GINI,2015,37.4
LTU,Lithuania,SI.POV.GINI,2014,37.7
LTU,Lithuania,SI.POV.GINI,2013,35.3
LTU,Lithuania,SI.POV.GINI,2012,35.1
LTU,Lithuania,SI.POV.GINI,2011,32.5
LTU,Lithuania,SI.POV.GINI,2010,33.6
LTU,Lithuania,SI.POV.GINI,2009,37.2
LTU,Lithuania,SI.POV.GINI,2008,35.7
LTU,Lithuania,SI.POV.GINI,2007,34.8
LTU,Lithuania,SI.POV.GINI,2006,34.4
LTU,Lithuania,SI.POV.GINI,2005,35.3
LTU,Lithuania,SI.POV.GINI,2004,37
LTU,Lithuania,SI.POV.GINI,2003,35.5
LTU,Lithuania,SI.POV.GINI,2002,31.9
LTU,Lithuania,SI.POV.GINI,2001,32
LTU,Lithuania,SI.POV.GINI,2000,31.7
LTU,Lithuania,SI.POV.GINI,1999,32
LTU,Lithuania,SI.POV.GINI,1998,32.1
LTU,Lithuania,SI.POV.GINI,1996,32.3
LTU,Lithuania,SI.POV.GINI,1993,33.2
LUX,Luxembourg,SI.POV.GINI,2020,33.4
LUX,Luxembourg,SI.POV.GINI,2019,34.2
LUX,Luxembourg,SI.POV.GINI,2018,35.4
LUX,Luxembourg,SI.POV.GINI,2017,34.5
LUX,Luxembourg,SI.POV.GINI,2016,31.7
LUX,Luxembourg,SI.POV.GINI,2015,32.9
LUX,Luxembourg,SI.POV.GINI,2014,31.2
LUX,Luxembourg,SI.POV.GINI,2013,32
LUX,Luxembourg,SI.POV.GINI,2012,34.3
LUX,Luxembourg,SI.POV.GINI,2011,32.1
LUX,Luxembourg,SI.POV.GINI,2010,30.5
LUX,Luxembourg,SI.POV.GINI,2009,31.2
LUX,Luxembourg,SI.POV.GINI,2008,32.6
LUX,Luxembourg,SI.POV.GINI,2007,31.1
LUX,Luxembourg,SI.POV.GINI,2006,30.9
LUX,Luxembourg,SI.POV.GINI,2005,30.8
LUX,Luxembourg,SI.POV.GINI,2004,30.2
LUX,Luxembourg,SI.POV.GINI,2003,30.2
LUX,Luxembourg,SI.POV.GINI,2002,31.1
LUX,Luxembourg,SI.POV.GINI,2001,30.9
LUX,Luxembourg,SI.POV.GINI,2000,30.1
LUX,Luxembourg,SI.POV.GINI,1999,30.1
LUX,Luxembourg,SI.POV.GINI,1998,30.6
LUX,Luxembourg,SI.POV.GINI,1997,29.6
LUX,Luxembourg,SI.POV.GINI,1996,29.1
LUX,Luxembourg,SI.POV.GINI,1995,28.3
LUX,Luxembourg,SI.POV.GINI,1994,28.2
LUX,Luxembourg,SI.POV.GINI,1993,27
LUX,Luxembourg,SI.POV.GINI,1992,27.3
LUX,Luxembourg,SI.POV.GINI,1991,27.2
LUX,Luxembourg,SI.POV.GINI,1990,27.7
LVA,Latvia,SI.POV.GINI,2020,35.7
LVA,Latvia,SI.POV.GINI,2019,34.5
LVA,Latvia,SI.POV.GINI,2018,35.1
LVA,Latvia,SI.POV.GINI,2017,35.6
LVA,Latvia,SI.POV.GINI,2016,34.3
LVA,Latvia,SI.POV.GINI,2015,34.2
LVA,Latvia,SI.POV.GINI,2014,35.1
LVA,Latvia,SI.POV.GINI,2013,35.5
LVA,Latvia,SI.POV.GINI,2012,35.2
LVA,Latvia,SI.POV.GINI,2011,35.8
LVA,Latvia,SI.POV.GINI,2010,35
LVA,Latvia,SI.POV.GINI,2009,35.9
LVA,Latvia,SI.POV.GINI,2008,37.2
LVA,Latvia,SI.POV.GINI,2007,37.5
LVA,Latvia,SI.POV.GINI,2006,35.6
LVA,Latvia,SI.POV.GINI,2005,39
LVA,Latvia,SI.POV.GINI,2004,36.4
LVA,Latvia,SI.POV.GINI,2003,36.5
LVA,Latvia,SI.POV.GINI,2002,35.1
LVA,Latvia,SI.POV.GINI,1998,33.3
LVA,Latvia,SI.POV.GINI,1997,34.4
LVA,Latvia,SI.POV.GINI,1996,31.6
LVA,Latvia,SI.POV.GINI,1995,31
LVA,Latvia,SI.POV.GINI,1993,27
MAR,Morocco,SI.POV.GINI,2013,39.5
MAR,Morocco,SI.POV.GINI,2006,40.7
MAR,Morocco,SI.POV.GINI,2000,40.6
MAR,Morocco,SI.POV.GINI,1998,39.4
MAR,Morocco,SI.POV.GINI,1990,39.2
MDA,Moldova,SI.POV.GINI,2020,25
MDA,Moldova,SI.POV.GINI,2019,26
MDA,Moldova,SI.POV.GINI,2018,25.7
MDA,Moldova,SI.POV.GINI,2017,25.9
MDA,Moldova,SI.POV.GINI,2016,26.3
MDA,Moldova,SI.POV.GINI,2015,27
MDA,Moldova,SI.POV.GINI,2014,26.8
MDA,Moldova,SI.POV.GINI,2013,28.5
MDA,Moldova,SI.POV.GINI,2012,29.2
MDA,Moldova,SI.POV.GINI,2011,30.6
MDA,Moldova,SI.POV.GINI,2010,32.1
MDA,Moldova,SI.POV.GINI,2009,32.9
MDA,Moldova,SI.POV.GINI,2008,34.7
MDA,Moldova,SI.POV.GINI,2007,34.4
MDA,Moldova,SI.POV.GINI,2006,35.4
MDA,Moldova,SI.POV.GINI,2005,36.3
MDA,Moldova,SI.POV.GINI,2004,35
MDA,Moldova,SI.POV.GINI,2003,34.9
MDA,Moldova,SI.POV.GINI,2002,35.8
MDA,Moldova,SI.POV.GINI,2001,38
MDA,Moldova,SI.POV.GINI,2000,36.4
MDA,Moldova,SI.POV.GINI,1999,42.6
MDA,Moldova,SI.POV.GINI,1998,39.5
MDA,Moldova,SI.POV.GINI,1997,36.9
MDG,Madagascar,SI.POV.GINI,2012,42.6
MDG,Madagascar,SI.POV.GINI,2010,42.4
MDG,Madagascar,SI.POV.GINI,2005,39.9
MDG,Madagascar,SI.POV.GINI,2001,47.4
MDG,Madagascar,SI.POV.GINI,1999,38.6
MDG,Madagascar,SI.POV.GINI,1997,39.4
MDG,Madagascar,SI.POV.GINI,1993,45.2
MDV,Maldives,SI.POV.GINI,2019,29.3
MDV,Maldives,SI.POV.GINI,2016,31.3
MDV,Maldives,SI.POV.GINI,2009,38.4
MDV,Maldives,SI.POV.GINI,2002,41.3
MEX,Mexico,SI.POV.GINI,2020,44.6
MEX,Mexico,SI.POV.GINI,2018,46
MEX,Mexico,SI.POV.GINI,2016,46.9
MEX,Mexico,SI.POV.GINI,2014,48.9
MEX,Mexico,SI.POV.GINI,2012,49.6
MEX,Mexico,SI.POV.GINI,2010,47.7
MEX,Mexico,SI.POV.GINI,2008,50.8
MEX,Mexico,SI.POV.GINI,2006,49.7
MEX,Mexico,SI.POV.GINI,2005,50.9
MEX,Mexico,SI.POV.GINI,2004,50.3
MEX,Mexico,SI.POV.GINI,2002,50.6
MEX,Mexico,SI.POV.GINI,2000,53.4
MEX,Mexico,SI.POV.GINI,1998,53.3
MEX,Mexico,SI.POV.GINI,1996,52
MEX,Mexico,SI.POV.GINI,1994,53.4
MEX,Mexico,SI.POV.GINI,1992,52.3
MHL,Marshall Islands,SI.POV.GINI,2019,35.5
MKD,North Macedonia,SI.POV.GINI,2019,33.5
MKD,North Macedonia,SI.POV.GINI,2018,33
MKD,North Macedonia,SI.POV.GINI,2017,34.2
MKD,North Macedonia,SI.POV.GINI,2016,34.5
MKD,North Macedonia,SI.POV.GINI,2015,35.6
MKD,North Macedonia,SI.POV.GINI,2014,35.2
MKD,North Macedonia,SI.POV.GINI,2013,36.2
MKD,North Macedonia,SI.POV.GINI,2012,38.1
MKD,North Macedonia,SI.POV.GINI,2011,39.4
MKD,North Macedonia,SI.POV.GINI,2010,40.1
MKD,North Macedonia,SI.POV.GINI,2009,42.8
MKD,North Macedonia,SI.POV.GINI,2008,46.1
MKD,North Macedonia,SI.POV.GINI,2006,42.6
MKD,North Macedonia,SI.POV.GINI,2005,39.3
MKD,North Macedonia,SI.POV.GINI,2004,38.4
MKD,North Macedonia,SI.POV.GINI,2003,38.7
MKD,North Macedonia,SI.POV.GINI,2002,38.5
MKD,North Macedonia,SI.POV.GINI,2000,34.3
MKD,North Macedonia,SI.POV.GINI,1998,28.1
MLI,Mali,SI.POV.GINI,2018,36
MLI,Mali,SI.POV.GINI,2009,33
MLI,Mali,SI.POV.GINI,2006,38.9
MLI,Mali,SI.POV.GINI,2001,39.9
MLI,Mali,SI.POV.GINI,1994,50.1
MLT,Malta,SI.POV.GINI,2020,31.4
MLT,Malta,SI.POV.GINI,2019,31
MLT,Malta,SI.POV.GINI,2018,28.7
MLT,Malta,SI.POV.GINI,2017,29.2
MLT,Malta,SI.POV.GINI,2016,29.1
MLT,Malta,SI.POV.GINI,2015,29.4
MLT,Malta,SI.POV.GINI,2014,29
MLT,Malta,SI.POV.GINI,2013,28.8
MLT,Malta,SI.POV.GINI,2012,29.4
MLT,Malta,SI.POV.GINI,2011,29.1
MLT,Malta,SI.POV.GINI,2010,29
MLT,Malta,SI.POV.GINI,2009,30.2
MLT,Malta,SI.POV.GINI,2008,29
MLT,Malta,SI.POV.GINI,2007,29.2
MLT,Malta,SI.POV.GINI,2006,28
MMR,Myanmar,SI.POV.GINI,2017,30.7
MMR,Myanmar,SI.POV.GINI,2015,38.1
MNE,Montenegro,SI.POV.GINI,2020,35.4
MNE,Montenegro,SI.POV.GINI,2019,35.7
MNE,Montenegro,SI.POV.GINI,2018,36.8
MNE,Montenegro,SI.POV.GINI,2017,36.9
MNE,Montenegro,SI.POV.GINI,2016,38.5
MNE,Montenegro,SI.POV.GINI,2015,39
MNE,Montenegro,SI.POV.GINI,2014,38.8
MNE,Montenegro,SI.POV.GINI,2013,39
MNE,Montenegro,SI.POV.GINI,2012,41.2
MNE,Montenegro,SI.POV.GINI,2011,30.8
MNE,Montenegro,SI.POV.GINI,2010,28.9
MNE,Montenegro,SI.POV.GINI,2009,31
MNE,Montenegro,SI.POV.GINI,2008,30.5
MNE,Montenegro,SI.POV.GINI,2007,31.4
MNE,Montenegro,SI.POV.GINI,2006,30
MNE,Montenegro,SI.POV.GINI,2005,30.2
MNG,Mongolia,SI.POV.GINI,2018,32.7
MNG,Mongolia,SI.POV.GINI,2016,32.3
MNG,Mongolia,SI.POV.GINI,2014,32
MNG,Mongolia,SI.POV.GINI,2012,33.8
MNG,Mongolia,SI.POV.GINI,2011,33.9
MNG,Mongolia,SI.POV.GINI,2010,33.1
MNG,Mongolia,SI.POV.GINI,2007,35.8
MNG,Mongolia,SI.POV.GINI,2002,32.9
MNG,Mongolia,SI.POV.GINI,1998,30.3
MNG,Mongolia,SI.POV.GINI,1995,33.2
MOZ,Mozambique,SI.POV.GINI,2019,50.7
MOZ,Mozambique,SI.POV.GINI,2014,54
MOZ,Mozambique,SI.POV.GINI,2008,45.5
MOZ,Mozambique,SI.POV.GINI,2002,46.9
MOZ,Mozambique,SI.POV.GINI,1996,53.3
MRT,Mauritania,SI.POV.GINI,2019,32
MRT,Mauritania,SI.POV.GINI,2014,32.6
MRT,Mauritania,SI.POV.GINI,2008,35.7
MRT,Mauritania,SI.POV.GINI,2004,40.2
MRT,Mauritania,SI.POV.GINI,2000,39
MRT,Mauritania,SI.POV.GINI,1995,37.7
MRT,Mauritania,SI.POV.GINI,1993,49.5
MUS,Mauritius,SI.POV.GINI,2017,36.8
MUS,Mauritius,SI.POV.GINI,2012,38.5
MUS,Mauritius,SI.POV.GINI,2006,35.7
MWI,Malawi,SI.POV.GINI,2019,38.5
MWI,Malawi,SI.POV.GINI,2016,44.7
MWI,Malawi,SI.POV.GINI,2010,45.5
MWI,Malawi,SI.POV.GINI,2004,39.9
MWI,Malawi,SI.POV.GINI,1997,65.8
MYS,Malaysia,SI.POV.GINI,2018,41.2
MYS,Malaysia,SI.POV.GINI,2015,41.1
MYS,Malaysia,SI.POV.GINI,2013,41.3
MYS,Malaysia,SI.POV.GINI,2011,43.6
MYS,Malaysia,SI.POV.GINI,2008,45.5
MYS,Malaysia,SI.POV.GINI,2006,44.8
MYS,Malaysia,SI.POV.GINI,2003,46.4
MYS,Malaysia,SI.POV.GINI,1997,49.1
MYS,Malaysia,SI.POV.GINI,1995,48.5
MYS,Malaysia,SI.POV.GINI,1992,47.7
NAM,Namibia,SI.POV.GINI,2015,59.1
NAM,Namibia,SI.POV.GINI,2009,61
NAM,Namibia,SI.POV.GINI,2003,63.3
NAM,Namibia,SI.POV.GINI,1993,71.1
NER,Niger,SI.POV.GINI,2018,37.3
NER,Niger,SI.POV.GINI,2014,34.3
NER,Niger,SI.POV.GINI,2011,31.5
NER,Niger,SI.POV.GINI,2007,37.3
NER,Niger,SI.POV.GINI,2005,44.4
NER,Niger,SI.POV.GINI,1994,41.5
NER,Niger,SI.POV.GINI,1992,36
NGA,Nigeria,SI.POV.GINI,2018,35.1
NGA,Nigeria,SI.POV.GINI,2015,35.9
NGA,Nigeria,SI.POV.GINI,2012,35.5
NGA,Nigeria,SI.POV.GINI,2010,35.7
NGA,Nigeria,SI.POV.GINI,2003,40.1
NGA,Nigeria,SI.POV.GINI,1996,51.9
NGA,Nigeria,SI.POV.GINI,1992,44.9
NIC,Nicaragua,SI.POV.GINI,2014,46.2
NIC,Nicaragua,SI.POV.GINI,2009,43.9
NIC,Nicaragua,SI.POV.GINI,2005,48.8
NIC,Nicaragua,SI.POV.GINI,2001,52.9
NIC,Nicaragua,SI.POV.GINI,1998,54.4
NIC,Nicaragua,SI.POV.GINI,1993,57.1
NLD,Netherlands,SI.POV.GINI,2020,26
NLD,Netherlands,SI.POV.GINI,2019,29.2
NLD,Netherlands,SI.POV.GINI,2018,28.1
NLD,Netherlands,SI.POV.GINI,2017,28.5
NLD,Netherlands,SI.POV.GINI,2016,28.2
NLD,Netherlands,SI.POV.GINI,2015,28.2
NLD,Netherlands,SI.POV.GINI,2014,28.6
NLD,Netherlands,SI.POV.GINI,2013,28.1
NLD,Netherlands,SI.POV.GINI,2012,27.6
NLD,Netherlands,SI.POV.GINI,2011,27.8
NLD,Netherlands,SI.POV.GINI,2010,27.8
NLD,Netherlands,SI.POV.GINI,2009,27.9
NLD,Netherlands,SI.POV.GINI,2008,29.3
NLD,Netherlands,SI.POV.GINI,2007,29.6
NLD,Netherlands,SI.POV.GINI,2006,30
NLD,Netherlands,SI.POV.GINI,2005,29
NLD,Netherlands,SI.POV.GINI,2004,29.8
NLD,Netherlands,SI.POV.GINI,1999,28.1
NLD,Netherlands,SI.POV.GINI,1993,30.4
NLD,Netherlands,SI.POV.GINI,1990,31.1
NOR,Norway,SI.POV.GINI,2020,28.4
NOR,Norway,SI.POV.GINI,2019,27.7
NOR,Norway,SI.POV.GINI,2018,27.6
NOR,Norway,SI.POV.GINI,2017,27
NOR,Norway,SI.POV.GINI,2016,28.5
NOR,Norway,SI.POV.GINI,2015,27.5
NOR,Norway,SI.POV.GINI,2014,26.8
NOR,Norway,SI.POV.GINI,2013,26.4
NOR,Norway,SI.POV.GINI,2012,25.7
NOR,Norway,SI.POV.GINI,2011,25.3
NOR,Norway,SI.POV.GINI,2010,25.7
NOR,Norway,SI.POV.GINI,2009,26.2
NOR,Norway,SI.POV.GINI,2008,27
NOR,Norway,SI.POV.GINI,2007,27.1
NOR,Norway,SI.POV.GINI,2006,26.4
NOR,Norway,SI.POV.GINI,2005,30.6
NOR,Norway,SI.POV.GINI,2004,31.6
NOR,Norway,SI.POV.GINI,2003,27.6
NOR,Norway,SI.POV.GINI,2000,27.4
NOR,Norway,SI.POV.GINI,1995,26
NOR,Norway,SI.POV.GINI,1991,25.2
NPL,Nepal,SI.POV.GINI,2010,32.8
NPL,Nepal,SI.POV.GINI,2003,43.8
NPL,Nepal,SI.POV.GINI,1995,35.2
NRU,Naoero,SI.POV.GINI,2012,32.4
PAK,Pakistan,SI.POV.GINI,2018,29.6
PAK,Pakistan,SI.POV.GINI,2015,31.3
PAK,Pakistan,SI.POV.GINI,2013,29.5
PAK,Pakistan,SI.POV.GINI,2011,29.7
PAK,Pakistan,SI.POV.GINI,2010,28.8
PAK,Pakistan,SI.POV.GINI,2007,29.7
PAK,Pakistan,SI.POV.GINI,2005,31.3
PAK,Pakistan,SI.POV.GINI,2004,30.9
PAK,Pakistan,SI.POV.GINI,2001,28.7
PAK,Pakistan,SI.POV.GINI,1998,33.1
PAK,Pakistan,SI.POV.GINI,1996,28.7
PAK,Pakistan,SI.POV.GINI,1990,33.2
PAN,Panama,SI.POV.GINI,2019,49.8
PAN,Panama,SI.POV.GINI,2018,49.2
PAN,Panama,SI.POV.GINI,2017,49.9
PAN,Panama,SI.POV.GINI,2016,50.4
PAN,Panama,SI.POV.GINI,2015,50.8
PAN,Panama,SI.POV.GINI,2014,50.5
PAN,Panama,SI.POV.GINI,2013,51.5
PAN,Panama,SI.POV.GINI,2012,51.7
PAN,Panama,SI.POV.GINI,2011,51.3
PAN,Panama,SI.POV.GINI,2010,51.6
PAN,Panama,SI.POV.GINI,2009,51.8
PAN,Panama,SI.POV.GINI,2008,52.7
PAN,Panama,SI.POV.GINI,2007,52.7
PAN,Panama,SI.POV.GINI,2006,54.6
PAN,Panama,SI.POV.GINI,2005,53.8
PAN,Panama,SI.POV.GINI,2004,54.8
PAN,Panama,SI.POV.GINI,2003,55.6
PAN,Panama,SI.POV.GINI,2002,56.1
PAN,Panama,SI.POV.GINI,2001,56.7
PAN,Panama,SI.POV.GINI,2000,56.6
PAN,Panama,SI.POV.GINI,1999,56.3
PAN,Panama,SI.POV.GINI,1998,57.3
PAN,Panama,SI.POV.GINI,1997,58.1
PAN,Panama,SI.POV.GINI,1995,57.6
PAN,Panama,SI.POV.GINI,1991,58
PER,Peru,SI.POV.GINI,2020,43.7
PER,Peru,SI.POV.GINI,2019,41.5
PER,Peru,SI.POV.GINI,2018,42.4
PER,Peru,SI.POV.GINI,2017,43.3
PER,Peru,SI.POV.GINI,2016,43.6
PER,Peru,SI.POV.GINI,2015,43.4
PER,Peru,SI.POV.GINI,2014,43.1
PER,Peru,SI.POV.GINI,2013,43.9
PER,Peru,SI.POV.GINI,2012,44.4
PER,Peru,SI.POV.GINI,2011,44.7
PER,Peru,SI.POV.GINI,2010,45.5
PER,Peru,SI.POV.GINI,2009,47
PER,Peru,SI.POV.GINI,2008,47.5
PER,Peru,SI.POV.GINI,2007,50
PER,Peru,SI.POV.GINI,2006,50.3
PER,Peru,SI.POV.GINI,2005,50.4
PER,Peru,SI.POV.GINI,2004,49.9
PER,Peru,SI.POV.GINI,2003,53.1
PER,Peru,SI.POV.GINI,2002,53.6
PER,Peru,SI.POV.GINI,2001,51.3
PER,Peru,SI.POV.GINI,2000,49.1
PER,Peru,SI.POV.GINI,1999,54.8
PER,Peru,SI.POV.GINI,1998,55.1
PER,Peru,SI.POV.GINI,1997,53.3
PER,Peru,SI.POV.GINI,1994,44
PHL,Philippines,SI.POV.GINI,2018,42.3
PHL,Philippines,SI.POV.GINI,2015,44.6
PHL,Philippines,SI.POV.GINI,2012,46.5
PHL,Philippines,SI.POV.GINI,2009,46.3
PHL,Philippines,SI.POV.GINI,2006,47.2
PHL,Philippines,SI.POV.GINI,2003,46.6
PHL,Philippines,SI.POV.GINI,2000,47.7
PHL,Philippines,SI.POV.GINI,1997,46
PHL,Philippines,SI.POV.GINI,1994,42.9
PHL,Philippines,SI.POV.GINI,1991,43.8
PNG,Papua New Guinea,SI.POV.GINI,2009,41.9
PNG,Papua New Guinea,SI.POV.GINI,1996,45.8
POL,Poland,SI.POV.GINI,2020,28.5
POL,Poland,SI.POV.GINI,2019,28.8
POL,Poland,SI.POV.GINI,2018,30.2
POL,Poland,SI.POV.GINI,2017,29.7
POL,Poland,SI.POV.GINI,2016,31.2
POL,Poland,SI.POV.GINI,2015,31.8
POL,Poland,SI.POV.GINI,2014,32.8
POL,Poland,SI.POV.GINI,2013,33.1
POL,Poland,SI.POV.GINI,2012,33
POL,Poland,SI.POV.GINI,2011,33.2
POL,Poland,SI.POV.GINI,2010,33.2
POL,Poland,SI.POV.GINI,2009,33.4
POL,Poland,SI.POV.GINI,2008,33.5
POL,Poland,SI.POV.GINI,2007,34
POL,Poland,SI.POV.GINI,2006,34.7
POL,Poland,SI.POV.GINI,2005,35.8
POL,Poland,SI.POV.GINI,2004,38
POL,Poland,SI.POV.GINI,2003,34.9
POL,Poland,SI.POV.GINI,2002,34.1
POL,Poland,SI.POV.GINI,2001,32.8
POL,Poland,SI.POV.GINI,2000,33
POL,Poland,SI.POV.GINI,1999,32.3
POL,Poland,SI.POV.GINI,1998,32.3
POL,Poland,SI.POV.GINI,1996,32.6
POL,Poland,SI.POV.GINI,1995,34.6
POL,Poland,SI.POV.GINI,1993,26.7
POL,Poland,SI.POV.GINI,1992,29.3
PRT,Portugal,SI.POV.GINI,2020,34.7
PRT,Portugal,SI.POV.GINI,2019,32.8
PRT,Portugal,SI.POV.GINI,2018,33.5
PRT,Portugal,SI.POV.GINI,2017,33.8
PRT,Portugal,SI.POV.GINI,2016,35.2
PRT,Portugal,SI.POV.GINI,2015,35.5
PRT,Portugal,SI.POV.GINI,2014,35.6
PRT,Portugal,SI.POV.GINI,2013,36.2
PRT,Portugal,SI.POV.GINI,2012,36
PRT,Portugal,SI.POV.GINI,2011,36.3
PRT,Portugal,SI.POV.GINI,2010,35.8
PRT,Portugal,SI.POV.GINI,2009,34.9
PRT,Portugal,SI.POV.GINI,2008,36.6
PRT,Portugal,SI.POV.GINI,2007,36.8
PRT,Portugal,SI.POV.GINI,2006,38.1
PRT,Portugal,SI.POV.GINI,2005,38.5
PRT,Portugal,SI.POV.GINI,2004,38.9
PRT,Portugal,SI.POV.GINI,2003,38.8
PRY,Paraguay,SI.POV.GINI,2020,43.5
PRY,Paraguay,SI.POV.GINI,2019,45.7
PRY,Paraguay,SI.POV.GINI,2018,46
PRY,Paraguay,SI.POV.GINI,2017,48.5
PRY,Paraguay,SI.POV.GINI,2016,47.9
PRY,Paraguay,SI.POV.GINI,2015,47.6
PRY,Paraguay,SI.POV.GINI,2014,50.7
PRY,Paraguay,SI.POV.GINI,2013,47.9
PRY,Paraguay,SI.POV.GINI,2012,47.6
PRY,Paraguay,SI.POV.GINI,2011,52.3
PRY,Paraguay,SI.POV.GINI,2010,51
PRY,Paraguay,SI.POV.GINI,2009,49.1
PRY,Paraguay,SI.POV.GINI,2008,50.7
PRY,Paraguay,SI.POV.GINI,2007,53
PRY,Paraguay,SI.POV.GINI,2006,53
PRY,Paraguay,SI.POV.GINI,2005,51.4
PRY,Paraguay,SI.POV.GINI,2004,52.3
PRY,Paraguay,SI.POV.GINI,2003,54.9
PRY,Paraguay,SI.POV.GINI,2002,57.3
PRY,Paraguay,SI.POV.GINI,2001,54.6
PRY,Paraguay,SI.POV.GINI,1999,54.6
PRY,Paraguay,SI.POV.GINI,1997,54.9
PRY,Paraguay,SI.POV.GINI,1995,58.1
PRY,Paraguay,SI.POV.GINI,1990,40.8
PSE,West Bank and Gaza,SI.POV.GINI,2016,33.7
PSE,West Bank and Gaza,SI.POV.GINI,2011,34.4
PSE,West Bank and Gaza,SI.POV.GINI,2010,35.3
PSE,West Bank and Gaza,SI.POV.GINI,2009,34.5
PSE,West Bank and Gaza,SI.POV.GINI,2007,35.6
PSE,West Bank and Gaza,SI.POV.GINI,2006,34
PSE,West Bank and Gaza,SI.POV.GINI,2005,34.7
PSE,West Bank and Gaza,SI.POV.GINI,2004,34
QAT,Qatar,SI.POV.GINI,2017,35.1
ROU,Romania,SI.POV.GINI,2020,34.6
ROU,Romania,SI.POV.GINI,2019,34.8
ROU,Romania,SI.POV.GINI,2018,35.8
ROU,Romania,SI.POV.GINI,2017,36
ROU,Romania,SI.POV.GINI,2016,34.4
ROU,Romania,SI.POV.GINI,2015,35.9
ROU,Romania,SI.POV.GINI,2014,36
ROU,Romania,SI.POV.GINI,2013,36.9
ROU,Romania,SI.POV.GINI,2012,36.5
ROU,Romania,SI.POV.GINI,2011,35.9
ROU,Romania,SI.POV.GINI,2010,35.5
ROU,Romania,SI.POV.GINI,2009,35.6
ROU,Romania,SI.POV.GINI,2008,36.4
ROU,Romania,SI.POV.GINI,2007,37.5
ROU,Romania,SI.POV.GINI,2006,39.6
ROU,Romania,SI.POV.GINI,2005,29.8
ROU,Romania,SI.POV.GINI,2004,30
ROU,Romania,SI.POV.GINI,2003,29.9
ROU,Romania,SI.POV.GINI,2002,30.2
ROU,Romania,SI.POV.GINI,2001,29.4
ROU,Romania,SI.POV.GINI,2000,29.3
ROU,Romania,SI.POV.GINI,1999,29.4
ROU,Romania,SI.POV.GINI,1998,31.1
ROU,Romania,SI.POV.GINI,1997,30.5
ROU,Romania,SI.POV.GINI,1995,31.2
ROU,Romania,SI.POV.GINI,1994,28.2
ROU,Romania,SI.POV.GINI,1992,25.5
RUS,Russian Federation,SI.POV.GINI,2020,33.7
RUS,Russian Federation,SI.POV.GINI,2019,35.7
RUS,Russian Federation,SI.POV.GINI,2018,35.3
RUS,Russian Federation,SI.POV.GINI,2017,35.5
RUS,Russian Federation,SI.POV.GINI,2016,36.7
RUS,Russian Federation,SI.POV.GINI,2015,36.5
RUS,Russian Federation,SI.POV.GINI,2014,36.9
RUS,Russian Federation,SI.POV.GINI,2013,40.9
RUS,Russian Federation,SI.POV.GINI,2012,40.7
RUS,Russian Federation,SI.POV.GINI,2011,39.7
RUS,Russian Federation,SI.POV.GINI,2010,39.5
RUS,Russian Federation,SI.POV.GINI,2009,39.8
RUS,Russian Federation,SI.POV.GINI,2008,41.6
RUS,Russian Federation,SI.POV.GINI,2007,42.3
RUS,Russian Federation,SI.POV.GINI,2006,41
RUS,Russian Federation,SI.POV.GINI,2005,41.3
RUS,Russian Federation,SI.POV.GINI,2004,40.3
RUS,Russian Federation,SI.POV.GINI,2003,40
RUS,Russian Federation,SI.POV.GINI,2002,37.3
RUS,Russian Federation,SI.POV.GINI,2001,36.9
RUS,Russian Federation,SI.POV.GINI,2000,37.1
RUS,Russian Federation,SI.POV.GINI,1999,37.4
RUS,Russian Federation,SI.POV.GINI,1998,38.1
RUS,Russian Federation,SI.POV.GINI,1997,38.4
RUS,Russian Federation,SI.POV.GINI,1996,46.1
RUS,Russian Federation,SI.POV.GINI,1993,45.4
RWA,Rwanda,SI.POV.GINI,2016,43.7
RWA,Rwanda,SI.POV.GINI,2013,45.1
RWA,Rwanda,SI.POV.GINI,2010,47.2
RWA,Rwanda,SI.POV.GINI,2005,52
RWA,Rwanda,SI.POV.GINI,2000,48.5
SDN,Sudan,SI.POV.GINI,2014,34.2
SDN,Sudan,SI.POV.GINI,2009,35.4
SEN,Senegal,SI.POV.GINI,2018,38.3
SEN,Senegal,SI.POV.GINI,2011,40.3
SEN,Senegal,SI.POV.GINI,2005,39.2
SEN,Senegal,SI.POV.GINI,2001,41.2
SEN,Senegal,SI.POV.GINI,1994,39.2
SEN,Senegal,SI.POV.GINI,1991,54
SLB,Solomon Islands,SI.POV.GINI,2012,37.1
SLB,Solomon Islands,SI.POV.GINI,2005,46.1
SLE,Sierra Leone,SI.POV.GINI,2018,35.7
SLE,Sierra Leone,SI.POV.GINI,2011,34
SLE,Sierra Leone,SI.POV.GINI,2003,40.2
SLV,El Salvador,SI.POV.GINI,2019,38.8
SLV,El Salvador,SI.POV.GINI,2018,38.6
SLV,El Salvador,SI.POV.GINI,2017,38
SLV,El Salvador,SI.POV.GINI,2016,40
SLV,El Salvador,SI.POV.GINI,2015,40.6
SLV,El Salvador,SI.POV.GINI,2014,41.6
SLV,El Salvador,SI.POV.GINI,2013,43.4
SLV,El Salvador,SI.POV.GINI,2012,41.8
SLV,El Salvador,SI.POV.GINI,2011,42.3
SLV,El Salvador,SI.POV.GINI,2010,43.5
SLV,El Salvador,SI.POV.GINI,2009,45.8
SLV,El Salvador,SI.POV.GINI,2008,46.9
SLV,El Salvador,SI.POV.GINI,2007,45.2
SLV,El Salvador,SI.POV.GINI,2006,45.7
SLV,El Salvador,SI.POV.GINI,2005,48.5
SLV,El Salvador,SI.POV.GINI,2004,47.8
SLV,El Salvador,SI.POV.GINI,2003,50.4
SLV,El Salvador,SI.POV.GINI,2002,51.9
SLV,El Salvador,SI.POV.GINI,2001,51.3
SLV,El Salvador,SI.POV.GINI,2000,51.5
SLV,El Salvador,SI.POV.GINI,1999,52.1
SLV,El Salvador,SI.POV.GINI,1998,54.4
SLV,El Salvador,SI.POV.GINI,1996,51
SLV,El Salvador,SI.POV.GINI,1995,49.8
SLV,El Salvador,SI.POV.GINI,1991,53.8
SRB,Serbia,SI.POV.GINI,2020,35
SRB,Serbia,SI.POV.GINI,2019,34.5
SRB,Serbia,SI.POV.GINI,2018,35
SRB,Serbia,SI.POV.GINI,2017,36.1
SRB,Serbia,SI.POV.GINI,2016,38.8
SRB,Serbia,SI.POV.GINI,2015,40.5
SRB,Serbia,SI.POV.GINI,2014,40.4
SRB,Serbia,SI.POV.GINI,2013,39.4
SRB,Serbia,SI.POV.GINI,2012,39.9
SRB,Serbia,SI.POV.GINI,2010,29
SRB,Serbia,SI.POV.GINI,2009,28
SRB,Serbia,SI.POV.GINI,2008,27.6
SRB,Serbia,SI.POV.GINI,2007,28.7
SRB,Serbia,SI.POV.GINI,2006,29.7
SRB,Serbia,SI.POV.GINI,2005,36.5
SRB,Serbia,SI.POV.GINI,2004,35.5
SRB,Serbia,SI.POV.GINI,2003,32.8
SRB,Serbia,SI.POV.GINI,2002,32.7
SSD,South Sudan,SI.POV.GINI,2016,44
SSD,South Sudan,SI.POV.GINI,2009,46.3
STP,Sao Tome and Principe,SI.POV.GINI,2017,40.7
STP,Sao Tome and Principe,SI.POV.GINI,2010,30.8
STP,Sao Tome and Principe,SI.POV.GINI,2000,32.1
SUR,Suriname,SI.POV.GINI,1999,57.5
SVK,Slovak Republic,SI.POV.GINI,2020,24.2
SVK,Slovak Republic,SI.POV.GINI,2019,23.2
SVK,Slovak Republic,SI.POV.GINI,2018,25
SVK,Slovak Republic,SI.POV.GINI,2017,23.2
SVK,Slovak Republic,SI.POV.GINI,2016,25.2
SVK,Slovak Republic,SI.POV.GINI,2015,26.5
SVK,Slovak Republic,SI.POV.GINI,2014,26.1
SVK,Slovak Republic,SI.POV.GINI,2013,28.1
SVK,Slovak Republic,SI.POV.GINI,2012,26.1
SVK,Slovak Republic,SI.POV.GINI,2011,26.5
SVK,Slovak Republic,SI.POV.GINI,2010,27.3
SVK,Slovak Republic,SI.POV.GINI,2009,27.2
SVK,Slovak Republic,SI.POV.GINI,2008,26
SVK,Slovak Republic,SI.POV.GINI,2007,24.7
SVK,Slovak Republic,SI.POV.GINI,2006,25.8
SVK,Slovak Republic,SI.POV.GINI,2005,29.3
SVK,Slovak Republic,SI.POV.GINI,2004,27.1
SVK,Slovak Republic,SI.POV.GINI,1996,26.3
SVK,Slovak Republic,SI.POV.GINI,1992,20.2
SVN,Slovenia,SI.POV.GINI,2020,24
SVN,Slovenia,SI.POV.GINI,2019,24.4
SVN,Slovenia,SI.POV.GINI,2018,24.6
SVN,Slovenia,SI.POV.GINI,2017,24.2
SVN,Slovenia,SI.POV.GINI,2016,24.8
SVN,Slovenia,SI.POV.GINI,2015,25.4
SVN,Slovenia,SI.POV.GINI,2014,25.7
SVN,Slovenia,SI.POV.GINI,2013,26.2
SVN,Slovenia,SI.POV.GINI,2012,25.6
SVN,Slovenia,SI.POV.GINI,2011,24.9
SVN,Slovenia,SI.POV.GINI,2010,24.9
SVN,Slovenia,SI.POV.GINI,2009,24.8
SVN,Slovenia,SI.POV.GINI,2008,23.7
SVN,Slovenia,SI.POV.GINI,2007,24.4
SVN,Slovenia,SI.POV.GINI,2006,24.4
SVN,Slovenia,SI.POV.GINI,2005,24.6
SVN,Slovenia,SI.POV.GINI,2004,24.8
SVN,Slovenia,SI.POV.GINI,2003,30.9
SVN,Slovenia,SI.POV.GINI,2002,29.1
SVN,Slovenia,SI.POV.GINI,1999,24
SVN,Slovenia,SI.POV.GINI,1998,28.4
SVN,Slovenia,SI.POV.GINI,1997,24.1
SVN,Slovenia,SI.POV.GINI,1993,29.1
SWE,Sweden,SI.POV.GINI,2020,28.9
SWE,Sweden,SI.POV.GINI,2019,29.3
SWE,Sweden,SI.POV.GINI,2018,30
SWE,Sweden,SI.POV.GINI,2017,28.8
SWE,Sweden,SI.POV.GINI,2016,29.6
SWE,Sweden,SI.POV.GINI,2015,29.2
SWE,Sweden,SI.POV.GINI,2014,28.4
SWE,Sweden,SI.POV.GINI,2013,28.8
SWE,Sweden,SI.POV.GINI,2012,27.6
SWE,Sweden,SI.POV.GINI,2011,27.6
SWE,Sweden,SI.POV.GINI,2010,27.7
SWE,Sweden,SI.POV.GINI,2009,27.3
SWE,Sweden,SI.POV.GINI,2008,28.1
SWE,Sweden,SI.POV.GINI,2007,27.1
SWE,Sweden,SI.POV.GINI,2006,26.4
SWE,Sweden,SI.POV.GINI,2005,26.8
SWE,Sweden,SI.POV.GINI,2004,26.1
SWE,Sweden,SI.POV.GINI,2003,25.3
SWE,Sweden,SI.POV.GINI,2002,26.2
SWE,Sweden,SI.POV.GINI,2001,26.5
SWE,Sweden,SI.POV.GINI,2000,27
SWE,Sweden,SI.POV.GINI,1995,25.2
SWE,Sweden,SI.POV.GINI,1992,24.9
SWZ,Eswatini,SI.POV.GINI,2016,54.6
SWZ,Eswatini,SI.POV.GINI,2009,51.4
SWZ,Eswatini,SI.POV.GINI,2000,53.1
SWZ,Eswatini,SI.POV.GINI,1994,58.7
SYC,Seychelles,SI.POV.GINI,2018,32.1
SYC,Seychelles,SI.POV.GINI,2013,46.8
SYC,Seychelles,SI.POV.GINI,2006,42.8
SYC,Seychelles,SI.POV.GINI,1999,42.8
SYR,Syrian Arab Republic,SI.POV.GINI,2009,40.4
SYR,Syrian Arab Republic,SI.POV.GINI,2006,40.1
SYR,Syrian Arab Republic,SI.POV.GINI,2003,37.5
SYR,Syrian Arab Republic,SI.POV.GINI,1996,35.2
TCD,Chad,SI.POV.GINI,2018,37.5
TCD,Chad,SI.POV.GINI,2011,43.3
TCD,Chad,SI.POV.GINI,2003,39.8
TGO,Togo,SI.POV.GINI,2018,42.5
TGO,Togo,SI.POV.GINI,2015,43
TGO,Togo,SI.POV.GINI,2011,46
TGO,Togo,SI.POV.GINI,2006,42.2
THA,Thailand,SI.POV.GINI,2020,35
THA,Thailand,SI.POV.GINI,2019,34.9
THA,Thailand,SI.POV.GINI,2018,36.4
THA,Thailand,SI.POV.GINI,2017,36.4
THA,Thailand,SI.POV.GINI,2016,36.7
THA,Thailand,SI.POV.GINI,2015,36
THA,Thailand,SI.POV.GINI,2014,37
THA,Thailand,SI.POV.GINI,2013,37.8
THA,Thailand,SI.POV.GINI,2012,39.3
THA,Thailand,SI.POV.GINI,2011,37.5
THA,Thailand,SI.POV.GINI,2010,39.4
THA,Thailand,SI.POV.GINI,2009,39.6
THA,Thailand,SI.POV.GINI,2008,40.3
THA,Thailand,SI.POV.GINI,2007,39.8
THA,Thailand,SI.POV.GINI,2006,41.8
THA,Thailand,SI.POV.GINI,2004,42.5
THA,Thailand,SI.POV.GINI,2002,41.9
THA,Thailand,SI.POV.GINI,2000,42.8
THA,Thailand,SI.POV.GINI,1999,43.1
THA,Thailand,SI.POV.GINI,1998,41.5
THA,Thailand,SI.POV.GINI,1996,42.9
THA,Thailand,SI.POV.GINI,1994,43.5
THA,Thailand,SI.POV.GINI,1992,47.9
THA,Thailand,SI.POV.GINI,1990,45.3
TJK,Tajikistan,SI.POV.GINI,2015,34
TJK,Tajikistan,SI.POV.GINI,2009,30.8
TJK,Tajikistan,SI.POV.GINI,2007,32.2
TJK,Tajikistan,SI.POV.GINI,2004,33.6
TJK,Tajikistan,SI.POV.GINI,2003,32.7
TJK,Tajikistan,SI.POV.GINI,1999,29.5
TKM,Turkmenistan,SI.POV.GINI,1998,40.8
TLS,Timor-Leste,SI.POV.GINI,2014,28.7
TLS,Timor-Leste,SI.POV.GINI,2007,27.8
TLS,Timor-Leste,SI.POV.GINI,2001,35.9
TON,Tonga,SI.POV.GINI,2015,33.5
TON,Tonga,SI.POV.GINI,2009,37.5
TON,Tonga,SI.POV.GINI,2000,37.7
TTO,Trinidad and Tobago,SI.POV.GINI,1992,40.2
TUN,Tunisia,SI.POV.GINI,2015,32.8
TUN,Tunisia,SI.POV.GINI,2010,38.5
TUN,Tunisia,SI.POV.GINI,2005,37.7
TUN,Tunisia,SI.POV.GINI,2000,40.8
TUN,Tunisia,SI.POV.GINI,1995,41.7
TUN,Tunisia,SI.POV.GINI,1990,40.1
TUR,Turkiye,SI.POV.GINI,2020,43
TUR,Turkiye,SI.POV.GINI,2019,43.8
TUR,Turkiye,SI.POV.GINI,2018,42.4
TUR,Turkiye,SI.POV.GINI,2017,43.5
TUR,Turkiye,SI.POV.GINI,2016,41.9
TUR,Turkiye,SI.POV.GINI,2015,42.9
TUR,Turkiye,SI.POV.GINI,2014,41.2
TUR,Turkiye,SI.POV.GINI,2013,40.2
TUR,Turkiye,SI.POV.GINI,2012,40.2
TUR,Turkiye,SI.POV.GINI,2011,40
TUR,Turkiye,SI.POV.GINI,2010,38.8
TUR,Turkiye,SI.POV.GINI,2009,39
TUR,Turkiye,SI.POV.GINI,2008,39
TUR,Turkiye,SI.POV.GINI,2007,38.4
TUR,Turkiye,SI.POV.GINI,2006,39.6
TUR,Turkiye,SI.POV.GINI,2005,42.6
TUR,Turkiye,SI.POV.GINI,2004,41.3
TUR,Turkiye,SI.POV.GINI,2003,42.2
TUR,Turkiye,SI.POV.GINI,2002,41.4
TUR,Turkiye,SI.POV.GINI,1994,41.3
TUV,Tuvalu,SI.POV.GINI,2010,39.1
TZA,Tanzania,SI.POV.GINI,2018,40.5
TZA,Tanzania,SI.POV.GINI,2011,37.8
TZA,Tanzania,SI.POV.GINI,2007,40.3
TZA,Tanzania,SI.POV.GINI,2000,37.3
TZA,Tanzania,SI.POV.GINI,1991,35.3
UGA,Uganda,SI.POV.GINI,2019,42.7
UGA,Uganda,SI.POV.GINI,2016,42.8
UGA,Uganda,SI.POV.GINI,2012,41
UGA,Uganda,SI.POV.GINI,2009,44.2
UGA,Uganda,SI.POV.GINI,2005,42.9
UGA,Uganda,SI.POV.GINI,2002,45.2
UGA,Uganda,SI.POV.GINI,1999,43
UGA,Uganda,SI.POV.GINI,1996,39
UGA,Uganda,SI.POV.GINI,1992,41.4
UKR,Ukraine,SI.POV.GINI,2020,25.6
UKR,Ukraine,SI.POV.GINI,2019,26.6
UKR,Ukraine,SI.POV.GINI,2018,26.1
UKR,Ukraine,SI.POV.GINI,2017,26
UKR,Ukraine,SI.POV.GINI,2016,25
UKR,Ukraine,SI.POV.GINI,2015,25.5
UKR,Ukraine,SI.POV.GINI,2014,24
UKR,Ukraine,SI.POV.GINI,2013,24.6
UKR,Ukraine,SI.POV.GINI,2012,24.7
UKR,Ukraine,SI.POV.GINI,2011,24.6
UKR,Ukraine,SI.POV.GINI,2010,24.8
UKR,Ukraine,SI.POV.GINI,2009,25.3
UKR,Ukraine,SI.POV.GINI,2008,26.6
UKR,Ukraine,SI.POV.GINI,2007,27
UKR,Ukraine,SI.POV.GINI,2006,29.8
UKR,Ukraine,SI.POV.GINI,2005,29
UKR,Ukraine,SI.POV.GINI,2004,28.9
UKR,Ukraine,SI.POV.GINI,2003,28.7
UKR,Ukraine,SI.POV.GINI,2002,29
UKR,Ukraine,SI.POV.GINI,1999,28.9
UKR,Ukraine,SI.POV.GINI,1996,35.2
UKR,Ukraine,SI.POV.GINI,1995,39.2
UKR,Ukraine,SI.POV.GINI,1993,28.9
UKR,Ukraine,SI.POV.GINI,1992,29.7
URY,Uruguay,SI.POV.GINI,2020,40.2
URY,Uruguay,SI.POV.GINI,2019,39.7
URY,Uruguay,SI.POV.GINI,2018,39.7
URY,Uruguay,SI.POV.GINI,2017,39.5
URY,Uruguay,SI.POV.GINI,2016,39.7
URY,Uruguay,SI.POV.GINI,2015,40.1
URY,Uruguay,SI.POV.GINI,2014,40.1
URY,Uruguay,SI.POV.GINI,2013,40.5
URY,Uruguay,SI.POV.GINI,2012,39.9
URY,Uruguay,SI.POV.GINI,2011,42.2
URY,Uruguay,SI.POV.GINI,2010,44.5
URY,Uruguay,SI.POV.GINI,2009,45.5
URY,Uruguay,SI.POV.GINI,2008,45.1
URY,Uruguay,SI.POV.GINI,2007,46.4
URY,Uruguay,SI.POV.GINI,2006,45.9
URY,Uruguay,SI.POV.GINI,2005,44.7
URY,Uruguay,SI.POV.GINI,2004,45.9
URY,Uruguay,SI.POV.GINI,2003,45
URY,Uruguay,SI.POV.GINI,2002,45.5
URY,Uruguay,SI.POV.GINI,2001,45
URY,Uruguay,SI.POV.GINI,2000,43.4
URY,Uruguay,SI.POV.GINI,1998,42.5
URY,Uruguay,SI.POV.GINI,1997,41.5
URY,Uruguay,SI.POV.GINI,1996,40.8
URY,Uruguay,SI.POV.GINI,1995,40.9
URY,Uruguay,SI.POV.GINI,1992,41.5
USA,United States,SI.POV.GINI,2020,40
USA,United States,SI.POV.GINI,2019,41.9
USA,United States,SI.POV.GINI,2018,41.8
USA,United States,SI.POV.GINI,2017,41.4
USA,United States,SI.POV.GINI,2016,41.3
USA,United States,SI.POV.GINI,2015,41.5
USA,United States,SI.POV.GINI,2014,41.7
USA,United States,SI.POV.GINI,2013,40.9
USA,United States,SI.POV.GINI,2012,41.2
USA,United States,SI.POV.GINI,2011,41.2
USA,United States,SI.POV.GINI,2010,40.2
USA,United States,SI.POV.GINI,2009,40.9
USA,United States,SI.POV.GINI,2008,41.1
USA,United States,SI.POV.GINI,2007,41.1
USA,United States,SI.POV.GINI,2006,41.7
USA,United States,SI.POV.GINI,2005,41.3
USA,United States,SI.POV.GINI,2004,40.5
USA,United States,SI.POV.GINI,2003,40.8
USA,United States,SI.POV.GINI,2002,40.4
USA,United States,SI.POV.GINI,2001,40.6
USA,United States,SI.POV.GINI,2000,40.1
USA,United States,SI.POV.GINI,1999,40
USA,United States,SI.POV.GINI,1998,40
USA,United States,SI.POV.GINI,1997,40.5
USA,United States,SI.POV.GINI,1996,40.3
USA,United States,SI.POV.GINI,1995,39.9
USA,United States,SI.POV.GINI,1994,40
USA,United States,SI.POV.GINI,1993,40.4
USA,United States,SI.POV.GINI,1992,38.4
USA,United States,SI.POV.GINI,1991,38
USA,United States,SI.POV.GINI,1990,38.3
UZB,Uzbekistan,SI.POV.GINI,2003,35.2
UZB,Uzbekistan,SI.POV.GINI,2002,33
UZB,Uzbekistan,SI.POV.GINI,2000,35.9
UZB,Uzbekistan,SI.POV.GINI,1998,44.1
VEN,"Venezuela, RB",SI.POV.GINI,2006,44.7
VEN,"Venezuela, RB",SI.POV.GINI,2005,49.3
VEN,"Venezuela, RB",SI.POV.GINI,2004,47.3
VEN,"Venezuela, RB",SI.POV.GINI,2003,47.9
VEN,"Venezuela, RB",SI.POV.GINI,2002,48.9
VEN,"Venezuela, RB",SI.POV.GINI,2001,47.2
VEN,"Venezuela, RB",SI.POV.GINI,1999,47.7
VEN,"Venezuela, RB",SI.POV.GINI,1998,48
VEN,"Venezuela, RB",SI.POV.GINI,1995,47.2
VEN,"Venezuela, RB",SI.POV.GINI,1992,42.1
VNM,Viet Nam,SI.POV.GINI,2020,36.8
VNM,Viet Nam,SI.POV.GINI,2018,35.7
VNM,Viet Nam,SI.POV.GINI,2016,35.3
VNM,Viet Nam,SI.POV.GINI,2014,34.8
VNM,Viet Nam,SI.POV.GINI,2012,35.6
VNM,Viet Nam,SI.POV.GINI,2010,39.3
VNM,Viet Nam,SI.POV.GINI,2008,35.6
VNM,Viet Nam,SI.POV.GINI,2006,35.8
VNM,Viet Nam,SI.POV.GINI,2004,36.8
VNM,Viet Nam,SI.POV.GINI,2002,37
VNM,Viet Nam,SI.POV.GINI,1997,35.4
VNM,Viet Nam,SI.POV.GINI,1992,35.7
VUT,Vanuatu,SI.POV.GINI,2019,32.3
VUT,Vanuatu,SI.POV.GINI,2010,37.4
WSM,Samoa,SI.POV.GINI,2013,38.7
WSM,Samoa,SI.POV.GINI,2008,42
WSM,Samoa,SI.POV.GINI,2002,40.7
XKX,Kosovo,SI.POV.GINI,2020,57.4
XKX,Kosovo,SI.POV.GINI,2019,40.2
XKX,Kosovo,SI.POV.GINI,2018,44.6
XKX,Kosovo,SI.POV.GINI,2017,44.2
XKX,Kosovo,SI.POV.GINI,2016,26.7
XKX,Kosovo,SI.POV.GINI,2015,26.5
XKX,Kosovo,SI.POV.GINI,2014,27.3
XKX,Kosovo,SI.POV.GINI,2013,26.3
XKX,Kosovo,SI.POV.GINI,2012,29
XKX,Kosovo,SI.POV.GINI,2011,27.8
XKX,Kosovo,SI.POV.GINI,2010,33.3
XKX,Kosovo,SI.POV.GINI,2009,31.8
XKX,Kosovo,SI.POV.GINI,2006,30.3
XKX,Kosovo,SI.POV.GINI,2005,31.2
XKX,Kosovo,SI.POV.GINI,2003,29
YEM,"Yemen, Rep.",SI.POV.GINI,2014,36.7
YEM,"Yemen, Rep.",SI.POV.GINI,2005,34.7
YEM,"Yemen, Rep.",SI.POV.GINI,1998,35
ZAF,South Africa,SI.POV.GINI,2014,59.6
ZAF,South Africa,SI.POV.GINI,2010,60.9
ZAF,South Africa,SI.POV.GINI,2008,62.5
ZAF,South Africa,SI.POV.GINI,2005,65
ZAF,South Africa,SI.POV.GINI,2000,57.8
ZAF,South Africa,SI.POV.GINI,1993,59.3
ZMB,Zambia,SI.POV.GINI,2015,55.8
ZMB,Zambia,SI.POV.GINI,2010,52
ZMB,Zambia,SI.POV.GINI,2006,54.6
ZMB,Zambia,SI.POV.GINI,2004,54.3
ZMB,Zambia,SI.POV.GINI,2002,42.1
ZMB,Zambia,SI.POV.GINI,1998,49.1
ZMB,Zambia,SI.POV.GINI,1996,48.3
ZMB,Zambia,SI.POV.GINI,1993,52.6
ZMB,Zambia,SI.POV.GINI,1991,59.4
ZWE,Zimbabwe,SI.POV.GINI,2019,50.3
ZWE,Zimbabwe,SI.POV.GINI,2017,44.3
ZWE,Zimbabwe,SI.POV.GINI,2011,43.2
