iso3,country,indicator,year,value
ABW,Aruba,NY.GDP.PCAP.CD,2021,26827.3447869986
ABW,Aruba,NY.GDP.PCAP.CD,2022,31000.5713798732
ABW,Aruba,NY.GDP.PCAP.CD,2023,34897.6183932009
AFE,Africa Eastern and Southern,NY.GDP.PCAP.CD,2021,1560.89462580275
AFE,Africa Eastern and Southern,NY.GDP.PCAP.CD,2022,1675.90252377611
AFE,Africa Eastern and Southern,NY.GDP.PCAP.CD,2023,1571.13270407815
AFG,Afghanistan,NY.GDP.PCAP.CD,2021,356.496214115892
AFG,Afghanistan,NY.GDP.PCAP.CD,2022,357.261152798144
AFG,Afghanistan,NY.GDP.PCAP.CD,2023,413.757894705303
AFW,Africa Western and Central,NY.GDP.PCAP.CD,2021,2116.9382941844
AFW,Africa Western and Central,NY.GDP.PCAP.CD,2022,2143.07209365676
AFW,Africa Western and Central,NY.GDP.PCAP.CD,2023,1846.24681069313
AGO,Angola,NY.GDP.PCAP.CD,2021,2266.96834861584
AGO,Angola,NY.GDP.PCAP.CD,2022,3598.53669077341
AGO,Angola,NY.GDP.PCAP.CD,2023,2885.51349130806
ALB,Albania,NY.GDP.PCAP.CD,2021,7242.45513146613
ALB,Albania,NY.GDP.PCAP.CD,2022,7756.96188744253
ALB,Albania,NY.GDP.PCAP.CD,2023,9740.7023414631
AND,Andorra,NY.GDP.PCAP.CD,2021,42425.6996761083
AND,Andorra,NY.GDP.PCAP.CD,2022,42414.0590111349
AND,Andorra,NY.GDP.PCAP.CD,2023,46812.448450114
ARB,Arab World,NY.GDP.PCAP.CD,2021,6708.20761928893
ARB,Arab World,NY.GDP.PCAP.CD,2022,7960.81158770821
ARB,Arab World,NY.GDP.PCAP.CD,2023,7504.35637695627
ARE,United Arab Emirates,NY.GDP.PCAP.CD,2021,44118.4936214315
ARE,United Arab Emirates,NY.GDP.PCAP.CD,2022,50759.7590190204
ARE,United Arab Emirates,NY.GDP.PCAP.CD,2023,49850.6945082084
ARG,Argentina,NY.GDP.PCAP.CD,2021,10738.0179223384
ARG,Argentina,NY.GDP.PCAP.CD,2022,13962.1894087223
ARG,Argentina,NY.GDP.PCAP.CD,2023,14261.8465667948
ARM,Armenia,NY.GDP.PCAP.CD,2021,4685.17997128509
ARM,Armenia,NY.GDP.PCAP.CD,2022,6571.97445545099
ARM,Armenia,NY.GDP.PCAP.CD,2023,8159.08720967996
ASM,American Samoa,NY.GDP.PCAP.CD,2021,15236.1604875571
ASM,American Samoa,NY.GDP.PCAP.CD,2022,18017.4589383973
ASM,American Samoa,NY.GDP.PCAP.CD,2023,
ATG,Antigua and Barbuda,NY.GDP.PCAP.CD,2021,17348.6006987182
ATG,Antigua and Barbuda,NY.GDP.PCAP.CD,2022,20003.3909394099
ATG,Antigua and Barbuda,NY.GDP.PCAP.CD,2023,22012.2625947994
AUS,Australia,NY.GDP.PCAP.CD,2021,60758.9044397144
AUS,Australia,NY.GDP.PCAP.CD,2022,65169.5191118657
AUS,Australia,NY.GDP.PCAP.CD,2023,65058.3773146674
AUT,Austria,NY.GDP.PCAP.CD,2021,53648.6437976214
AUT,Austria,NY.GDP.PCAP.CD,2022,52336.7725223758
AUT,Austria,NY.GDP.PCAP.CD,2023,56579.504175468
AZE,Azerbaijan,NY.GDP.PCAP.CD,2021,5408.04535175023
AZE,Azerbaijan,NY.GDP.PCAP.CD,2022,7770.594223351
AZE,Azerbaijan,NY.GDP.PCAP.CD,2023,7133.02838048328
BDI,Burundi,NY.GDP.PCAP.CD,2021,264.172844085398
BDI,Burundi,NY.GDP.PCAP.CD,2022,301.832255755105
BDI,Burundi,NY.GDP.PCAP.CD,2023,249.795164039029
BEL,Belgium,NY.GDP.PCAP.CD,2021,51658.238294958
BEL,Belgium,NY.GDP.PCAP.CD,2022,50639.0264882739
BEL,Belgium,NY.GDP.PCAP.CD,2023,55244.68145811
BEN,Benin,NY.GDP.PCAP.CD,2021,1318.65158075198
BEN,Benin,NY.GDP.PCAP.CD,2022,1266.42711031904
BEN,Benin,NY.GDP.PCAP.CD,2023,1394.17784721831
BFA,Burkina Faso,NY.GDP.PCAP.CD,2021,895.535288442991
BFA,Burkina Faso,NY.GDP.PCAP.CD,2022,827.330843486661
BFA,Burkina Faso,NY.GDP.PCAP.CD,2023,873.198061670247
BGD,Bangladesh,NY.GDP.PCAP.CD,2021,2482.84917843357
BGD,Bangladesh,NY.GDP.PCAP.CD,2022,2716.48592780431
BGD,Bangladesh,NY.GDP.PCAP.CD,2023,2551.01773827307
BGR,Bulgaria,NY.GDP.PCAP.CD,2021,12966.8085197381
BGR,Bulgaria,NY.GDP.PCAP.CD,2022,13999.9113358453
BGR,Bulgaria,NY.GDP.PCAP.CD,2023,15854.0192893772
BHR,Bahrain,NY.GDP.PCAP.CD,2021,27147.8083882286
BHR,Bahrain,NY.GDP.PCAP.CD,2022,30470.5219276023
BHR,Bahrain,NY.GDP.PCAP.CD,2023,29290.1284215098
BHS,"Bahamas, The",NY.GDP.PCAP.CD,2021,30367.8605757708
BHS,"Bahamas, The",NY.GDP.PCAP.CD,2022,34957.1613279737
BHS,"Bahamas, The",NY.GDP.PCAP.CD,2023,38231.774484278
BIH,Bosnia and Herzegovina,NY.GDP.PCAP.CD,2021,7295.34378682258
BIH,Bosnia and Herzegovina,NY.GDP.PCAP.CD,2022,7655.59421024383
BIH,Bosnia and Herzegovina,NY.GDP.PCAP.CD,2023,8663.02326458629
BLR,Belarus,NY.GDP.PCAP.CD,2021,7489.71894713888
BLR,Belarus,NY.GDP.PCAP.CD,2022,7994.64806074889
BLR,Belarus,NY.GDP.PCAP.CD,2023,7896.75388295584
BLZ,Belize,NY.GDP.PCAP.CD,2021,6142.98930557031
BLZ,Belize,NY.GDP.PCAP.CD,2022,7068.21728043145
BLZ,Belize,NY.GDP.PCAP.CD,2023,7424.75821321022
BMU,Bermuda,NY.GDP.PCAP.CD,2021,112765.08167306
BMU,Bermuda,NY.GDP.PCAP.CD,2022,119969.173269085
BMU,Bermuda,NY.GDP.PCAP.CD,2023,132961.760796315
BOL,Bolivia,NY.GDP.PCAP.CD,2021,4010.76053686204
BOL,Bolivia,NY.GDP.PCAP.CD,2022,4219.46113742445
BOL,Bolivia,NY.GDP.PCAP.CD,2023,4274.70820547613
BRA,Brazil,NY.GDP.PCAP.CD,2021,7972.5366498646
BRA,Brazil,NY.GDP.PCAP.CD,2022,9281.33334441234
BRA,Brazil,NY.GDP.PCAP.CD,2023,10377.5892792557
BRB,Barbados,NY.GDP.PCAP.CD,2021,21084.4013935998
BRB,Barbados,NY.GDP.PCAP.CD,2022,24393.2193483944
BRB,Barbados,NY.GDP.PCAP.CD,2023,25583.8722302505
BRN,Brunei Darussalam,NY.GDP.PCAP.CD,2021,31006.9636289785
BRN,Brunei Darussalam,NY.GDP.PCAP.CD,2022,36632.9280952155
BRN,Brunei Darussalam,NY.GDP.PCAP.CD,2023,32890.5491812019
BTN,Bhutan,NY.GDP.PCAP.CD,2021,3570.61257980872
BTN,Bhutan,NY.GDP.PCAP.CD,2022,3711.32767981591
BTN,Bhutan,NY.GDP.PCAP.CD,2023,3831.32535564326
BWA,Botswana,NY.GDP.PCAP.CD,2021,7807.88794570471
BWA,Botswana,NY.GDP.PCAP.CD,2022,8328.7090572666
BWA,Botswana,NY.GDP.PCAP.CD,2023,7827.30027960734
CAF,Central African Republic,NY.GDP.PCAP.CD,2021,492.263142830507
CAF,Central African Republic,NY.GDP.PCAP.CD,2022,467.359825026238
CAF,Central African Republic,NY.GDP.PCAP.CD,2023,495.978897288721
CAN,Canada,NY.GDP.PCAP.CD,2021,52886.6407813788
CAN,Canada,NY.GDP.PCAP.CD,2022,56496.9275340663
CAN,Canada,NY.GDP.PCAP.CD,2023,54847.5370112652
CEB,Central Europe and the Baltics,NY.GDP.PCAP.CD,2021,19224.3287744219
CEB,Central Europe and the Baltics,NY.GDP.PCAP.CD,2022,19526.2463443821
CEB,Central Europe and the Baltics,NY.GDP.PCAP.CD,2023,22693.9504470566
CHE,Switzerland,NY.GDP.PCAP.CD,2021,96582.8687080693
CHE,Switzerland,NY.GDP.PCAP.CD,2022,97809.095567203
CHE,Switzerland,NY.GDP.PCAP.CD,2023,104449.75451772
CHI,Channel Islands,NY.GDP.PCAP.CD,2021,66915.3963925722
CHI,Channel Islands,NY.GDP.PCAP.CD,2022,67627.1417347907
CHI,Channel Islands,NY.GDP.PCAP.CD,2023,74585.5224096294
CHL,Chile,NY.GDP.PCAP.CD,2021,16216.1840860289
CHL,Chile,NY.GDP.PCAP.CD,2022,15399.1044717559
CHL,Chile,NY.GDP.PCAP.CD,2023,17081.5180740049
CHN,China,NY.GDP.PCAP.CD,2021,12887.4357242941
CHN,China,NY.GDP.PCAP.CD,2022,12970.6056414327
CHN,China,NY.GDP.PCAP.CD,2023,12951.1782397043
CIV,Cote d'Ivoire,NY.GDP.PCAP.CD,2021,2455.98127641148
CIV,Cote d'Ivoire,NY.GDP.PCAP.CD,2022,2333.37128301259
CIV,Cote d'Ivoire,NY.GDP.PCAP.CD,2023,2591.9659048119
CMR,Cameroon,NY.GDP.PCAP.CD,2021,1672.32657340872
CMR,Cameroon,NY.GDP.PCAP.CD,2022,1604.87726954895
CMR,Cameroon,NY.GDP.PCAP.CD,2023,1720.47510154506
COD,"Congo, Dem. Rep.",NY.GDP.PCAP.CD,2021,595.743074403567
COD,"Congo, Dem. Rep.",NY.GDP.PCAP.CD,2022,687.738587554685
COD,"Congo, Dem. Rep.",NY.GDP.PCAP.CD,2023,660.21205238997
COG,"Congo, Rep.",NY.GDP.PCAP.CD,2021,2516.16255145432
COG,"Congo, Rep.",NY.GDP.PCAP.CD,2022,2620.83804267402
COG,"Congo, Rep.",NY.GDP.PCAP.CD,2023,2477.97845544866
COL,Colombia,NY.GDP.PCAP.CD,2021,6222.62164397614
COL,Colombia,NY.GDP.PCAP.CD,2022,6680.44506854481
COL,Colombia,NY.GDP.PCAP.CD,2023,7012.49169137756
COM,Comoros,NY.GDP.PCAP.CD,2021,1587.72988658008
COM,Comoros,NY.GDP.PCAP.CD,2022,1533.87755393614
COM,Comoros,NY.GDP.PCAP.CD,2023,1723.89474946474
CPV,Cabo Verde,NY.GDP.PCAP.CD,2021,3971.44409203423
CPV,Cabo Verde,NY.GDP.PCAP.CD,2022,4323.31362032709
CPV,Cabo Verde,NY.GDP.PCAP.CD,2023,4794.90119772843
CRI,Costa Rica,NY.GDP.PCAP.CD,2021,12962.2716075659
CRI,Costa Rica,NY.GDP.PCAP.CD,2022,13971.7649991294
CRI,Costa Rica,NY.GDP.PCAP.CD,2023,17140.771430122
CSS,Caribbean small states,NY.GDP.PCAP.CD,2021,13996.4475071755
CSS,Caribbean small states,NY.GDP.PCAP.CD,2022,17449.5193422186
CSS,Caribbean small states,NY.GDP.PCAP.CD,2023,17609.6827071212
CUB,Cuba,NY.GDP.PCAP.CD,2021,
CUB,Cuba,NY.GDP.PCAP.CD,2022,
CUB,Cuba,NY.GDP.PCAP.CD,2023,
CUW,Curacao,NY.GDP.PCAP.CD,2021,17795.5826483092
CUW,Curacao,NY.GDP.PCAP.CD,2022,20057.1404960105
CUW,Curacao,NY.GDP.PCAP.CD,2023,21217.8109173312
CYM,Cayman Islands,NY.GDP.PCAP.CD,2021,86449.6749037302
CYM,Cayman Islands,NY.GDP.PCAP.CD,2022,92937.8838323153
CYM,Cayman Islands,NY.GDP.PCAP.CD,2023,100065.233841107
CYP,Cyprus,NY.GDP.PCAP.CD,2021,32937.8359375
CYP,Cyprus,NY.GDP.PCAP.CD,2022,33231.05078125
CYP,Cyprus,NY.GDP.PCAP.CD,2023,36623.70703125
CZE,Czechia,NY.GDP.PCAP.CD,2021,27696.4619527544
CZE,Czechia,NY.GDP.PCAP.CD,2022,28282.2236715857
CZE,Czechia,NY.GDP.PCAP.CD,2023,31761.5944102491
DEU,Germany,NY.GDP.PCAP.CD,2021,52349.2459994422
DEU,Germany,NY.GDP.PCAP.CD,2022,50506.5179638543
DEU,Germany,NY.GDP.PCAP.CD,2023,54776.7668235491
DJI,Djibouti,NY.GDP.PCAP.CD,2021,3025.91126413549
DJI,Djibouti,NY.GDP.PCAP.CD,2022,3133.25779772463
DJI,Djibouti,NY.GDP.PCAP.CD,2023,3381.29779710722
DMA,Dominica,NY.GDP.PCAP.CD,2021,8376.40414141113
DMA,Dominica,NY.GDP.PCAP.CD,2022,9323.66089490562
DMA,Dominica,NY.GDP.PCAP.CD,2023,9912.96212766668
DNK,Denmark,NY.GDP.PCAP.CD,2021,69340.7334922138
DNK,Denmark,NY.GDP.PCAP.CD,2022,67781.0940939514
DNK,Denmark,NY.GDP.PCAP.CD,2023,68043.5466971243
DOM,Dominican Republic,NY.GDP.PCAP.CD,2021,8527.0754858205
DOM,Dominican Republic,NY.GDP.PCAP.CD,2022,10104.2464008585
DOM,Dominican Republic,NY.GDP.PCAP.CD,2023,10630.431743829
DZA,Algeria,NY.GDP.PCAP.CD,2021,4160.55926736925
DZA,Algeria,NY.GDP.PCAP.CD,2022,4960.30334332888
DZA,Algeria,NY.GDP.PCAP.CD,2023,5370.477235078
EAP,East Asia & Pacific (excluding high income),NY.GDP.PCAP.CD,2021,9974.57917918464
EAP,East Asia & Pacific (excluding high income),NY.GDP.PCAP.CD,2022,10107.0569545516
EAP,East Asia & Pacific (excluding high income),NY.GDP.PCAP.CD,2023,10126.4304121407
EAR,Early-demographic dividend,NY.GDP.PCAP.CD,2021,3697.4103832017
EAR,Early-demographic dividend,NY.GDP.PCAP.CD,2022,4017.48956260692
EAR,Early-demographic dividend,NY.GDP.PCAP.CD,2023,4212.16924807645
EAS,East Asia & Pacific,NY.GDP.PCAP.CD,2021,13416.9773441612
EAS,East Asia & Pacific,NY.GDP.PCAP.CD,2022,13219.5863562213
EAS,East Asia & Pacific,NY.GDP.PCAP.CD,2023,13251.5119797804
ECA,Europe & Central Asia (excluding high income),NY.GDP.PCAP.CD,2021,6632.57221034255
ECA,Europe & Central Asia (excluding high income),NY.GDP.PCAP.CD,2022,7264.37321853889
ECA,Europe & Central Asia (excluding high income),NY.GDP.PCAP.CD,2023,8609.12296290637
ECS,Europe & Central Asia,NY.GDP.PCAP.CD,2021,27700.9996673888
ECS,Europe & Central Asia,NY.GDP.PCAP.CD,2022,27968.286148204
ECS,Europe & Central Asia,NY.GDP.PCAP.CD,2023,30015.7640895399
ECU,Ecuador,NY.GDP.PCAP.CD,2021,6061.32350181711
ECU,Ecuador,NY.GDP.PCAP.CD,2022,6515.58528418336
ECU,Ecuador,NY.GDP.PCAP.CD,2023,6718.1447938811
EGY,"Egypt, Arab Rep.",NY.GDP.PCAP.CD,2021,3827.35415374308
EGY,"Egypt, Arab Rep.",NY.GDP.PCAP.CD,2022,4233.30783744856
EGY,"Egypt, Arab Rep.",NY.GDP.PCAP.CD,2023,3456.78965212363
EMU,Euro area,NY.GDP.PCAP.CD,2021,42432.2915720012
EMU,Euro area,NY.GDP.PCAP.CD,2022,41105.3462099324
EMU,Euro area,NY.GDP.PCAP.CD,2023,44797.6445281418
ERI,Eritrea,NY.GDP.PCAP.CD,2021,
ERI,Eritrea,NY.GDP.PCAP.CD,2022,
ERI,Eritrea,NY.GDP.PCAP.CD,2023,
ESP,Spain,NY.GDP.PCAP.CD,2021,30799.4775937775
ESP,Spain,NY.GDP.PCAP.CD,2022,30319.4987196616
ESP,Spain,NY.GDP.PCAP.CD,2023,33493.2225409111
EST,Estonia,NY.GDP.PCAP.CD,2021,27951.1659277744
EST,Estonia,NY.GDP.PCAP.CD,2022,28340.3826549406
EST,Estonia,NY.GDP.PCAP.CD,2023,30264.0064885057
ETH,Ethiopia,NY.GDP.PCAP.CD,2021,893.009835441784
ETH,Ethiopia,NY.GDP.PCAP.CD,2022,982.103161502198
ETH,Ethiopia,NY.GDP.PCAP.CD,2023,1055.81091593061
EUU,European Union,NY.GDP.PCAP.CD,2021,39206.9663368683
EUU,European Union,NY.GDP.PCAP.CD,2022,38066.8240398192
EUU,European Union,NY.GDP.PCAP.CD,2023,41566.8992410802
FIN,Finland,NY.GDP.PCAP.CD,2021,53099.1351400148
FIN,Finland,NY.GDP.PCAP.CD,2022,50440.560224974
FIN,Finland,NY.GDP.PCAP.CD,2023,52864.6931581216
FJI,Fiji,NY.GDP.PCAP.CD,2021,4536.73312110335
FJI,Fiji,NY.GDP.PCAP.CD,2022,5414.12092119088
FJI,Fiji,NY.GDP.PCAP.CD,2023,5926.20586394763
FRA,France,NY.GDP.PCAP.CD,2021,43725.0999521245
FRA,France,NY.GDP.PCAP.CD,2022,40988.6396406579
FRA,France,NY.GDP.PCAP.CD,2023,44700.1384177544
FRO,Faroe Islands,NY.GDP.PCAP.CD,2021,69421.6981686515
FRO,Faroe Islands,NY.GDP.PCAP.CD,2022,67069.3987440509
FRO,Faroe Islands,NY.GDP.PCAP.CD,2023,72486.6910957957
FSM,"Micronesia, Fed. Sts.",NY.GDP.PCAP.CD,2021,3508.22314197664
FSM,"Micronesia, Fed. Sts.",NY.GDP.PCAP.CD,2022,3703.66680343222
FSM,"Micronesia, Fed. Sts.",NY.GDP.PCAP.CD,2023,3933.01607031874
GAB,Gabon,NY.GDP.PCAP.CD,2021,8181.40914134398
GAB,Gabon,NY.GDP.PCAP.CD,2022,8409.20741452279
GAB,Gabon,NY.GDP.PCAP.CD,2023,7802.82433276138
GBR,United Kingdom,NY.GDP.PCAP.CD,2021,47695.6491523474
GBR,United Kingdom,NY.GDP.PCAP.CD,2022,47034.7795621476
GBR,United Kingdom,NY.GDP.PCAP.CD,2023,49919.6896621586
GEO,Georgia,NY.GDP.PCAP.CD,2021,5083.60695484577
GEO,Georgia,NY.GDP.PCAP.CD,2022,6729.84659930283
GEO,Georgia,NY.GDP.PCAP.CD,2023,8283.66960652261
GHA,Ghana,NY.GDP.PCAP.CD,2021,2445.18662529344
GHA,Ghana,NY.GDP.PCAP.CD,2022,2229.89122654479
GHA,Ghana,NY.GDP.PCAP.CD,2023,2383.90410476221
GIB,Gibraltar,NY.GDP.PCAP.CD,2021,
GIB,Gibraltar,NY.GDP.PCAP.CD,2022,
GIB,Gibraltar,NY.GDP.PCAP.CD,2023,
GIN,Guinea,NY.GDP.PCAP.CD,2021,1244.96550477914
GIN,Guinea,NY.GDP.PCAP.CD,2022,1416.59612011764
GIN,Guinea,NY.GDP.PCAP.CD,2023,1555.49375806861
GMB,"Gambia, The",NY.GDP.PCAP.CD,2021,781.890925169531
GMB,"Gambia, The",NY.GDP.PCAP.CD,2022,836.244875868476
GMB,"Gambia, The",NY.GDP.PCAP.CD,2023,883.024111978927
GNB,Guinea-Bissau,NY.GDP.PCAP.CD,2021,926.54619187706
GNB,Guinea-Bissau,NY.GDP.PCAP.CD,2022,881.602654162231
GNB,Guinea-Bissau,NY.GDP.PCAP.CD,2023,964.431832665395
GNQ,Equatorial Guinea,NY.GDP.PCAP.CD,2021,6945.63069794539
GNQ,Equatorial Guinea,NY.GDP.PCAP.CD,2022,7589.29964909381
GNQ,Equatorial Guinea,NY.GDP.PCAP.CD,2023,6788.35271638376
GRC,Greece,NY.GDP.PCAP.CD,2021,20652.89659591
GRC,Greece,NY.GDP.PCAP.CD,2022,20884.6773436263
GRC,Greece,NY.GDP.PCAP.CD,2023,23343.7103964562
GRD,Grenada,NY.GDP.PCAP.CD,2021,9617.28902905373
GRD,Grenada,NY.GDP.PCAP.CD,2022,10469.3867012856
GRD,Grenada,NY.GDP.PCAP.CD,2023,11414.4781691181
GRL,Greenland,NY.GDP.PCAP.CD,2021,58135.9939910203
GRL,Greenland,NY.GDP.PCAP.CD,2022,55635.0006491223
GRL,Greenland,NY.GDP.PCAP.CD,2023,58498.9707973609
GTM,Guatemala,NY.GDP.PCAP.CD,2021,4912.62240414681
GTM,Guatemala,NY.GDP.PCAP.CD,2022,5356.92435887895
GTM,Guatemala,NY.GDP.PCAP.CD,2023,5754.42833909847
GUM,Guam,NY.GDP.PCAP.CD,2021,38074.8793745801
GUM,Guam,NY.GDP.PCAP.CD,2022,41833.1517132825
GUM,Guam,NY.GDP.PCAP.CD,2023,
GUY,Guyana,NY.GDP.PCAP.CD,2021,9860.87014834386
GUY,Guyana,NY.GDP.PCAP.CD,2022,17913.4928066879
GUY,Guyana,NY.GDP.PCAP.CD,2023,20473.7002190617
HKG,"Hong Kong SAR, China",NY.GDP.PCAP.CD,2021,49770.5642374739
HKG,"Hong Kong SAR, China",NY.GDP.PCAP.CD,2022,48825.0272275805
HKG,"Hong Kong SAR, China",NY.GDP.PCAP.CD,2023,50525.1119312663
HND,Honduras,NY.GDP.PCAP.CD,2021,2735.14751503977
HND,Honduras,NY.GDP.PCAP.CD,2022,3003.28996826399
HND,Honduras,NY.GDP.PCAP.CD,2023,3227.45762509776
HPC,Heavily indebted poor countries (HIPC),NY.GDP.PCAP.CD,2021,1062.58689269634
HPC,Heavily indebted poor countries (HIPC),NY.GDP.PCAP.CD,2022,1123.26894975331
HPC,Heavily indebted poor countries (HIPC),NY.GDP.PCAP.CD,2023,1157.85200500349
HRV,Croatia,NY.GDP.PCAP.CD,2021,17788.7601163765
HRV,Croatia,NY.GDP.PCAP.CD,2022,18465.531473659
HRV,Croatia,NY.GDP.PCAP.CD,2023,22183.4982258492
HTI,Haiti,NY.GDP.PCAP.CD,2021,1824.6798742577
HTI,Haiti,NY.GDP.PCAP.CD,2022,1748.40890116803
HTI,Haiti,NY.GDP.PCAP.CD,2023,1681.84407667059
HUN,Hungary,NY.GDP.PCAP.CD,2021,19030.628130329
HUN,Hungary,NY.GDP.PCAP.CD,2022,18428.028825614
HUN,Hungary,NY.GDP.PCAP.CD,2023,22208.6509820466
IBD,IBRD only,NY.GDP.PCAP.CD,2021,7312.40590533832
IBD,IBRD only,NY.GDP.PCAP.CD,2022,7679.78639337735
IBD,IBRD only,NY.GDP.PCAP.CD,2023,7892.13359236419
IBT,IDA & IBRD total,NY.GDP.PCAP.CD,2021,5754.17990139813
IBT,IDA & IBRD total,NY.GDP.PCAP.CD,2022,6024.32591287554
IBT,IDA & IBRD total,NY.GDP.PCAP.CD,2023,6126.38809068241
IDA,IDA total,NY.GDP.PCAP.CD,2021,1569.43031809587
IDA,IDA total,NY.GDP.PCAP.CD,2022,1651.01916315494
IDA,IDA total,NY.GDP.PCAP.CD,2023,1536.73358897841
IDB,IDA blend,NY.GDP.PCAP.CD,2021,2148.31628647273
IDB,IDA blend,NY.GDP.PCAP.CD,2022,2241.22931753571
IDB,IDA blend,NY.GDP.PCAP.CD,2023,1922.68195677238
IDN,Indonesia,NY.GDP.PCAP.CD,2021,4287.17313995098
IDN,Indonesia,NY.GDP.PCAP.CD,2022,4730.83484836107
IDN,Indonesia,NY.GDP.PCAP.CD,2023,4876.2992959843
IDX,IDA only,NY.GDP.PCAP.CD,2021,1257.78054041357
IDX,IDA only,NY.GDP.PCAP.CD,2022,1333.98547158611
IDX,IDA only,NY.GDP.PCAP.CD,2023,1330.08005697828
IMN,Isle of Man,NY.GDP.PCAP.CD,2021,94299.969348965
IMN,Isle of Man,NY.GDP.PCAP.CD,2022,88328.548125887
IMN,Isle of Man,NY.GDP.PCAP.CD,2023,90015.2074234398
IND,India,NY.GDP.PCAP.CD,2021,2239.61384367482
IND,India,NY.GDP.PCAP.CD,2022,2279.98145719369
IND,India,NY.GDP.PCAP.CD,2023,2434.44826340989
IRL,Ireland,NY.GDP.PCAP.CD,2021,103783.446284479
IRL,Ireland,NY.GDP.PCAP.CD,2022,105190.685952731
IRL,Ireland,NY.GDP.PCAP.CD,2023,106818.917130804
IRN,"Iran, Islamic Rep.",NY.GDP.PCAP.CD,2021,4605.14881318992
IRN,"Iran, Islamic Rep.",NY.GDP.PCAP.CD,2022,4721.20437099984
IRN,"Iran, Islamic Rep.",NY.GDP.PCAP.CD,2023,5049.29931642754
IRQ,Iraq,NY.GDP.PCAP.CD,2021,4868.49431080783
IRQ,Iraq,NY.GDP.PCAP.CD,2022,6520.73154560584
IRQ,Iraq,NY.GDP.PCAP.CD,2023,5965.31835077761
ISL,Iceland,NY.GDP.PCAP.CD,2021,70425.4064277273
ISL,Iceland,NY.GDP.PCAP.CD,2022,76376.9599334915
ISL,Iceland,NY.GDP.PCAP.CD,2023,82201.2908518078
ISR,Israel,NY.GDP.PCAP.CD,2021,52258.4693499398
ISR,Israel,NY.GDP.PCAP.CD,2022,54947.2091250715
ISR,Israel,NY.GDP.PCAP.CD,2023,52126.4489280033
ITA,Italy,NY.GDP.PCAP.CD,2021,36852.5425414951
ITA,Italy,NY.GDP.PCAP.CD,2022,35653.9042103495
ITA,Italy,NY.GDP.PCAP.CD,2023,39279.699782164
JAM,Jamaica,NY.GDP.PCAP.CD,2021,5625.67806271236
JAM,Jamaica,NY.GDP.PCAP.CD,2022,6626.47502388538
JAM,Jamaica,NY.GDP.PCAP.CD,2023,7542.39855849054
JOR,Jordan,NY.GDP.PCAP.CD,2021,4581.71967230365
JOR,Jordan,NY.GDP.PCAP.CD,2022,4754.41362207378
JOR,Jordan,NY.GDP.PCAP.CD,2023,4906.23543006639
JPN,Japan,NY.GDP.PCAP.CD,2021,41580.739040705
JPN,Japan,NY.GDP.PCAP.CD,2022,35548.2645222433
JPN,Japan,NY.GDP.PCAP.CD,2023,35215.003535366
KAZ,Kazakhstan,NY.GDP.PCAP.CD,2021,9983.60103576902
KAZ,Kazakhstan,NY.GDP.PCAP.CD,2022,11255.3396437881
KAZ,Kazakhstan,NY.GDP.PCAP.CD,2023,12879.4275257974
KEN,Kenya,NY.GDP.PCAP.CD,2021,2061.35622089594
KEN,Kenya,NY.GDP.PCAP.CD,2022,2109.56288513137
KEN,Kenya,NY.GDP.PCAP.CD,2023,1942.58802756191
KGZ,Kyrgyz Republic,NY.GDP.PCAP.CD,2021,1349.99730650542
KGZ,Kyrgyz Republic,NY.GDP.PCAP.CD,2022,1739.72018344174
KGZ,Kyrgyz Republic,NY.GDP.PCAP.CD,2023,2138.22210211478
KHM,Cambodia,NY.GDP.PCAP.CD,2021,2167.40324198499
KHM,Cambodia,NY.GDP.PCAP.CD,2022,2325.03050040841
KHM,Cambodia,NY.GDP.PCAP.CD,2023,2429.74853452838
KIR,Kiribati,NY.GDP.PCAP.CD,2021,2223.54147866465
KIR,Kiribati,NY.GDP.PCAP.CD,2022,2078.7648751855
KIR,Kiribati,NY.GDP.PCAP.CD,2023,2200.68918614289
KNA,St. Kitts and Nevis,NY.GDP.PCAP.CD,2021,18361.1449697886
KNA,St. Kitts and Nevis,NY.GDP.PCAP.CD,2022,21011.5744209816
KNA,St. Kitts and Nevis,NY.GDP.PCAP.CD,2023,22576.9248439166
KOR,"Korea, Rep.",NY.GDP.PCAP.CD,2021,37518.4635305697
KOR,"Korea, Rep.",NY.GDP.PCAP.CD,2022,34822.4048404971
KOR,"Korea, Rep.",NY.GDP.PCAP.CD,2023,35674.095995632
KWT,Kuwait,NY.GDP.PCAP.CD,2021,34018.6342592913
KWT,Kuwait,NY.GDP.PCAP.CD,2022,39981.7691035833
KWT,Kuwait,NY.GDP.PCAP.CD,2023,34091.9714813002
LAC,Latin America & Caribbean (excluding high income),NY.GDP.PCAP.CD,2021,7694.61136917625
LAC,Latin America & Caribbean (excluding high income),NY.GDP.PCAP.CD,2022,8838.67169511547
LAC,Latin America & Caribbean (excluding high income),NY.GDP.PCAP.CD,2023,9891.4632795533
LAO,Lao PDR,NY.GDP.PCAP.CD,2021,2526.05105018529
LAO,Lao PDR,NY.GDP.PCAP.CD,2022,2046.40440255621
LAO,Lao PDR,NY.GDP.PCAP.CD,2023,2066.94979776957
LBN,Lebanon,NY.GDP.PCAP.CD,2021,4045.37391066234
LBN,Lebanon,NY.GDP.PCAP.CD,2022,3654.35845534878
LBN,Lebanon,NY.GDP.PCAP.CD,2023,3477.72489842684
LBR,Liberia,NY.GDP.PCAP.CD,2021,667.96610514319
LBR,Liberia,NY.GDP.PCAP.CD,2022,744.617175237387
LBR,Liberia,NY.GDP.PCAP.CD,2023,799.194470229642
LBY,Libya,NY.GDP.PCAP.CD,2021,4935.82787349801
LBY,Libya,NY.GDP.PCAP.CD,2022,5986.63694851258
LBY,Libya,NY.GDP.PCAP.CD,2023,6026.51518708812
LCA,St. Lucia,NY.GDP.PCAP.CD,2021,10481.1233971786
LCA,St. Lucia,NY.GDP.PCAP.CD,2022,12976.1489693474
LCA,St. Lucia,NY.GDP.PCAP.CD,2023,13616.6397593734
LCN,Latin America & Caribbean,NY.GDP.PCAP.CD,2021,8292.15210222359
LCN,Latin America & Caribbean,NY.GDP.PCAP.CD,2022,9412.05924553392
LCN,Latin America & Caribbean,NY.GDP.PCAP.CD,2023,10507.6138782353
LDC,Least developed countries: UN classification,NY.GDP.PCAP.CD,2021,1175.42321388464
LDC,Least developed countries: UN classification,NY.GDP.PCAP.CD,2022,1298.29338219278
LDC,Least developed countries: UN classification,NY.GDP.PCAP.CD,2023,1258.15690309732
LIE,Liechtenstein,NY.GDP.PCAP.CD,2021,201944.830335076
LIE,Liechtenstein,NY.GDP.PCAP.CD,2022,188055.003235348
LIE,Liechtenstein,NY.GDP.PCAP.CD,2023,206780.590353385
LKA,Sri Lanka,NY.GDP.PCAP.CD,2021,3996.96240531688
LKA,Sri Lanka,NY.GDP.PCAP.CD,2022,3342.63650438046
LKA,Sri Lanka,NY.GDP.PCAP.CD,2023,3815.41531767474
LMY,Low & middle income,NY.GDP.PCAP.CD,2021,5422.11312035073
LMY,Low & middle income,NY.GDP.PCAP.CD,2022,5626.6962378216
LMY,Low & middle income,NY.GDP.PCAP.CD,2023,5733.51584469729
LSO,Lesotho,NY.GDP.PCAP.CD,2021,1066.58645143823
LSO,Lesotho,NY.GDP.PCAP.CD,2022,1030.12582947757
LSO,Lesotho,NY.GDP.PCAP.CD,2023,921.435141557056
LTE,Late-demographic dividend,NY.GDP.PCAP.CD,2021,11760.0897155889
LTE,Late-demographic dividend,NY.GDP.PCAP.CD,2022,12287.4566066286
LTE,Late-demographic dividend,NY.GDP.PCAP.CD,2023,12427.24971376
LTU,Lithuania,NY.GDP.PCAP.CD,2021,23882.8668916753
LTU,Lithuania,NY.GDP.PCAP.CD,2022,24946.5724005188
LTU,Lithuania,NY.GDP.PCAP.CD,2023,27983.3658256887
LUX,Luxembourg,NY.GDP.PCAP.CD,2021,134965.815442152
LUX,Luxembourg,NY.GDP.PCAP.CD,2022,123719.658915996
LUX,Luxembourg,NY.GDP.PCAP.CD,2023,133230.619178899
LVA,Latvia,NY.GDP.PCAP.CD,2021,20261.8887788916
LVA,Latvia,NY.GDP.PCAP.CD,2022,20221.103686109
LVA,Latvia,NY.GDP.PCAP.CD,2023,22710.2637544197
MAC,"Macao SAR, China",NY.GDP.PCAP.CD,2021,44884.8961602393
MAC,"Macao SAR, China",NY.GDP.PCAP.CD,2022,36806.891255461
MAC,"Macao SAR, China",NY.GDP.PCAP.CD,2023,67216.3631112124
MAF,St. Martin (French part),NY.GDP.PCAP.CD,2021,21668.3776525323
MAF,St. Martin (French part),NY.GDP.PCAP.CD,2022,
MAF,St. Martin (French part),NY.GDP.PCAP.CD,2023,
MAR,Morocco,NY.GDP.PCAP.CD,2021,3785.93627929688
MAR,Morocco,NY.GDP.PCAP.CD,2022,3463.1376953125
MAR,Morocco,NY.GDP.PCAP.CD,2023,3813.72607421875
MCO,Monaco,NY.GDP.PCAP.CD,2021,223823.327192464
MCO,Monaco,NY.GDP.PCAP.CD,2022,226052.060664649
MCO,Monaco,NY.GDP.PCAP.CD,2023,256799.911212051
MDA,Moldova,NY.GDP.PCAP.CD,2021,5274.60582195352
MDA,Moldova,NY.GDP.PCAP.CD,2022,5744.29618434435
MDA,Moldova,NY.GDP.PCAP.CD,2023,6799.58594644576
MDG,Madagascar,NY.GDP.PCAP.CD,2021,483.469463351195
MDG,Madagascar,NY.GDP.PCAP.CD,2022,504.059106969168
MDG,Madagascar,NY.GDP.PCAP.CD,2023,514.064076551927
MDV,Maldives,NY.GDP.PCAP.CD,2021,10176.143882547
MDV,Maldives,NY.GDP.PCAP.CD,2022,11786.0191492983
MDV,Maldives,NY.GDP.PCAP.CD,2023,12587.6126038651
MEA,"Middle East, North Africa, Afghanistan & Pakistan",NY.GDP.PCAP.CD,2021,5622.19134191977
MEA,"Middle East, North Africa, Afghanistan & Pakistan",NY.GDP.PCAP.CD,2022,6436.74030312288
MEA,"Middle East, North Africa, Afghanistan & Pakistan",NY.GDP.PCAP.CD,2023,6144.70308054742
MEX,Mexico,NY.GDP.PCAP.CD,2021,10314.0506733708
MEX,Mexico,NY.GDP.PCAP.CD,2022,11405.7940469896
MEX,Mexico,NY.GDP.PCAP.CD,2023,13830.843848864
MHL,Marshall Islands,NY.GDP.PCAP.CD,2021,6315.31172190393
MHL,Marshall Islands,NY.GDP.PCAP.CD,2022,6455.6603538189
MHL,Marshall Islands,NY.GDP.PCAP.CD,2023,6799.39217554794
MIC,Middle income,NY.GDP.PCAP.CD,2021,5980.00050387597
MIC,Middle income,NY.GDP.PCAP.CD,2022,6209.92727259514
MIC,Middle income,NY.GDP.PCAP.CD,2023,6342.84660727863
MKD,North Macedonia,NY.GDP.PCAP.CD,2021,7620.80296977508
MKD,North Macedonia,NY.GDP.PCAP.CD,2022,7606.2375253797
MKD,North Macedonia,NY.GDP.PCAP.CD,2023,8674.35846327485
MLI,Mali,NY.GDP.PCAP.CD,2021,1027.27345365357
MLI,Mali,NY.GDP.PCAP.CD,2022,976.914116406452
MLI,Mali,NY.GDP.PCAP.CD,2023,1042.44223444837
MLT,Malta,NY.GDP.PCAP.CD,2021,38078.0064279067
MLT,Malta,NY.GDP.PCAP.CD,2022,35658.8318250199
MLT,Malta,NY.GDP.PCAP.CD,2023,40932.5238774461
MMR,Myanmar,NY.GDP.PCAP.CD,2021,1242.72134419599
MMR,Myanmar,NY.GDP.PCAP.CD,2022,1158.05005034332
MMR,Myanmar,NY.GDP.PCAP.CD,2023,1233.19666209269
MNA,"Middle East, North Africa, Afghanistan & Pakistan (excluding high income)",NY.GDP.PCAP.CD,2021,2760.50031198582
MNA,"Middle East, North Africa, Afghanistan & Pakistan (excluding high income)",NY.GDP.PCAP.CD,2022,3022.54814280134
MNA,"Middle East, North Africa, Afghanistan & Pakistan (excluding high income)",NY.GDP.PCAP.CD,2023,2872.39008505083
MNE,Montenegro,NY.GDP.PCAP.CD,2021,9315.86435643142
MNE,Montenegro,NY.GDP.PCAP.CD,2022,10038.1849482517
MNE,Montenegro,NY.GDP.PCAP.CD,2023,12258.1600477339
MNG,Mongolia,NY.GDP.PCAP.CD,2021,4517.61578018785
MNG,Mongolia,NY.GDP.PCAP.CD,2022,4993.51487463495
MNG,Mongolia,NY.GDP.PCAP.CD,2023,5838.63108083902
MNP,Northern Mariana Islands,NY.GDP.PCAP.CD,2021,19455.50139424
MNP,Northern Mariana Islands,NY.GDP.PCAP.CD,2022,23785.754590043
MNP,Northern Mariana Islands,NY.GDP.PCAP.CD,2023,
MOZ,Mozambique,NY.GDP.PCAP.CD,2021,509.907829475551
MOZ,Mozambique,NY.GDP.PCAP.CD,2022,578.273222184503
MOZ,Mozambique,NY.GDP.PCAP.CD,2023,622.191133245967
MRT,Mauritania,NY.GDP.PCAP.CD,2021,1947.47413907209
MRT,Mauritania,NY.GDP.PCAP.CD,2022,1961.28166648869
MRT,Mauritania,NY.GDP.PCAP.CD,2023,2127.9576285973
MUS,Mauritius,NY.GDP.PCAP.CD,2021,9177.71195973013
MUS,Mauritius,NY.GDP.PCAP.CD,2022,10246.5017455553
MUS,Mauritius,NY.GDP.PCAP.CD,2023,11269.9684462139
MWI,Malawi,NY.GDP.PCAP.CD,2021,617.446994451007
MWI,Malawi,NY.GDP.PCAP.CD,2022,604.269740360317
MWI,Malawi,NY.GDP.PCAP.CD,2023,633.214767978695
MYS,Malaysia,NY.GDP.PCAP.CD,2021,10903.1037480772
MYS,Malaysia,NY.GDP.PCAP.CD,2022,11754.5678336248
MYS,Malaysia,NY.GDP.PCAP.CD,2023,11386.0395636528
NAC,North America,NY.GDP.PCAP.CD,2021,69532.9041926862
NAC,North America,NY.GDP.PCAP.CD,2022,75769.6975468613
NAC,North America,NY.GDP.PCAP.CD,2023,79647.6390981082
NAM,Namibia,NY.GDP.PCAP.CD,2021,4412.8355693052
NAM,Namibia,NY.GDP.PCAP.CD,2022,4349.79908493314
NAM,Namibia,NY.GDP.PCAP.CD,2023,4225.99102418102
NCL,New Caledonia,NY.GDP.PCAP.CD,2021,35311.5543551452
NCL,New Caledonia,NY.GDP.PCAP.CD,2022,33516.363085906
NCL,New Caledonia,NY.GDP.PCAP.CD,2023,33701.8923322781
NER,Niger,NY.GDP.PCAP.CD,2021,609.585703670137
NER,Niger,NY.GDP.PCAP.CD,2022,613.614736429298
NER,Niger,NY.GDP.PCAP.CD,2023,647.930108509567
NGA,Nigeria,NY.GDP.PCAP.CD,2021,2787.48779220991
NGA,Nigeria,NY.GDP.PCAP.CD,2022,2899.16047469267
NGA,Nigeria,NY.GDP.PCAP.CD,2023,2138.76383718757
NIC,Nicaragua,NY.GDP.PCAP.CD,2021,2138.38573878237
NIC,Nicaragua,NY.GDP.PCAP.CD,2022,2322.89069619459
NIC,Nicaragua,NY.GDP.PCAP.CD,2023,2609.44491147975
NLD,Netherlands,NY.GDP.PCAP.CD,2021,60141.9880911492
NLD,Netherlands,NY.GDP.PCAP.CD,2022,59123.318556487
NLD,Netherlands,NY.GDP.PCAP.CD,2023,63515.6030780019
NOR,Norway,NY.GDP.PCAP.CD,2021,96442.5552173002
NOR,Norway,NY.GDP.PCAP.CD,2022,113122.130765691
NOR,Norway,NY.GDP.PCAP.CD,2023,90984.4087141111
NPL,Nepal,NY.GDP.PCAP.CD,2021,1252.75076731986
NPL,Nepal,NY.GDP.PCAP.CD,2022,1385.91066002922
NPL,Nepal,NY.GDP.PCAP.CD,2023,1382.38300895424
NRU,Naoero,NY.GDP.PCAP.CD,2021,12748.1701249353
NRU,Naoero,NY.GDP.PCAP.CD,2022,15309.8345351924
NRU,Naoero,NY.GDP.PCAP.CD,2023,13602.6372112893
NZL,New Zealand,NY.GDP.PCAP.CD,2021,49902.154346032
NZL,New Zealand,NY.GDP.PCAP.CD,2022,49141.6316294227
NZL,New Zealand,NY.GDP.PCAP.CD,2023,49302.341876493
OED,OECD members,NY.GDP.PCAP.CD,2021,43495.5049948213
OED,OECD members,NY.GDP.PCAP.CD,2022,44455.8357743973
OED,OECD members,NY.GDP.PCAP.CD,2023,47135.6137232065
OMN,Oman,NY.GDP.PCAP.CD,2021,19403.4600160211
OMN,Oman,NY.GDP.PCAP.CD,2022,23223.5829405935
OMN,Oman,NY.GDP.PCAP.CD,2023,21027.7384572657
OSS,Other small states,NY.GDP.PCAP.CD,2021,13718.3632503913
OSS,Other small states,NY.GDP.PCAP.CD,2022,14326.3081658507
OSS,Other small states,NY.GDP.PCAP.CD,2023,15346.6488924949
PAK,Pakistan,NY.GDP.PCAP.CD,2021,1455.31922370186
PAK,Pakistan,NY.GDP.PCAP.CD,2022,1538.3228133171
PAK,Pakistan,NY.GDP.PCAP.CD,2023,1360.32417758419
PAN,Panama,NY.GDP.PCAP.CD,2021,15509.8069109784
PAN,Panama,NY.GDP.PCAP.CD,2022,17378.6070083597
PAN,Panama,NY.GDP.PCAP.CD,2023,18797.1933894611
PER,Peru,NY.GDP.PCAP.CD,2021,6828.53422535638
PER,Peru,NY.GDP.PCAP.CD,2022,7353.74598721667
PER,Peru,NY.GDP.PCAP.CD,2023,7919.04634828547
PHL,Philippines,NY.GDP.PCAP.CD,2021,3484.38593882819
PHL,Philippines,NY.GDP.PCAP.CD,2022,3548.06930572116
PHL,Philippines,NY.GDP.PCAP.CD,2023,3804.08274131718
PLW,Palau,NY.GDP.PCAP.CD,2021,13267.4877340719
PLW,Palau,NY.GDP.PCAP.CD,2022,13934.951996171
PLW,Palau,NY.GDP.PCAP.CD,2023,15578.3497630733
PNG,Papua New Guinea,NY.GDP.PCAP.CD,2021,2607.97769973161
PNG,Papua New Guinea,NY.GDP.PCAP.CD,2022,3102.29409730005
PNG,Papua New Guinea,NY.GDP.PCAP.CD,2023,2966.06455045333
POL,Poland,NY.GDP.PCAP.CD,2021,18635.5104895754
POL,Poland,NY.GDP.PCAP.CD,2022,18891.2121169279
POL,Poland,NY.GDP.PCAP.CD,2023,22145.2660647429
PRE,Pre-demographic dividend,NY.GDP.PCAP.CD,2021,1594.39804852433
PRE,Pre-demographic dividend,NY.GDP.PCAP.CD,2022,1769.1914721872
PRE,Pre-demographic dividend,NY.GDP.PCAP.CD,2023,1559.36615928619
PRI,Puerto Rico (US),NY.GDP.PCAP.CD,2021,32618.8705106244
PRI,Puerto Rico (US),NY.GDP.PCAP.CD,2022,35353.5613891039
PRI,Puerto Rico (US),NY.GDP.PCAP.CD,2023,36980.7653928068
PRK,"Korea, Dem. People's Rep.",NY.GDP.PCAP.CD,2021,
PRK,"Korea, Dem. People's Rep.",NY.GDP.PCAP.CD,2022,
PRK,"Korea, Dem. People's Rep.",NY.GDP.PCAP.CD,2023,
PRT,Portugal,NY.GDP.PCAP.CD,2021,24711.4510062111
PRT,Portugal,NY.GDP.PCAP.CD,2022,24620.5197587181
PRT,Portugal,NY.GDP.PCAP.CD,2023,27634.6183139773
PRY,Paraguay,NY.GDP.PCAP.CD,2021,5974.9057185863
PRY,Paraguay,NY.GDP.PCAP.CD,2022,6189.10205375331
PRY,Paraguay,NY.GDP.PCAP.CD,2023,6303.26495017292
PSE,West Bank and Gaza,NY.GDP.PCAP.CD,2021,3678.63565662194
PSE,West Bank and Gaza,NY.GDP.PCAP.CD,2022,3799.95527015163
PSE,West Bank and Gaza,NY.GDP.PCAP.CD,2023,3607.41611858821
PSS,Pacific island small states,NY.GDP.PCAP.CD,2021,3646.98862815783
PSS,Pacific island small states,NY.GDP.PCAP.CD,2022,3941.90128416234
PSS,Pacific island small states,NY.GDP.PCAP.CD,2023,4199.64948077192
PST,Post-demographic dividend,NY.GDP.PCAP.CD,2021,50433.5519322417
PST,Post-demographic dividend,NY.GDP.PCAP.CD,2022,51597.0182783268
PST,Post-demographic dividend,NY.GDP.PCAP.CD,2023,54507.2154710128
PYF,French Polynesia,NY.GDP.PCAP.CD,2021,21426.3854449835
PYF,French Polynesia,NY.GDP.PCAP.CD,2022,20053.9569369322
PYF,French Polynesia,NY.GDP.PCAP.CD,2023,21832.2831795569
QAT,Qatar,NY.GDP.PCAP.CD,2021,71751.8831257169
QAT,Qatar,NY.GDP.PCAP.CD,2022,88701.463352273
QAT,Qatar,NY.GDP.PCAP.CD,2023,80195.8746508549
ROU,Romania,NY.GDP.PCAP.CD,2021,14908.0412813921
ROU,Romania,NY.GDP.PCAP.CD,2022,15503.4691366242
ROU,Romania,NY.GDP.PCAP.CD,2023,18244.4186876321
RUS,Russian Federation,NY.GDP.PCAP.CD,2021,12425.029296875
RUS,Russian Federation,NY.GDP.PCAP.CD,2022,15625.6328125
RUS,Russian Federation,NY.GDP.PCAP.CD,2023,13986.9951171875
RWA,Rwanda,NY.GDP.PCAP.CD,2021,842.581492947672
RWA,Rwanda,NY.GDP.PCAP.CD,2022,1007.05989322914
RWA,Rwanda,NY.GDP.PCAP.CD,2023,1061.05788154076
SAS,South Asia,NY.GDP.PCAP.CD,2021,2273.72055805692
SAS,South Asia,NY.GDP.PCAP.CD,2022,2326.72890585805
SAS,South Asia,NY.GDP.PCAP.CD,2023,2449.857142451
SAU,Saudi Arabia,NY.GDP.PCAP.CD,2021,31920.7653655643
SAU,Saudi Arabia,NY.GDP.PCAP.CD,2022,38510.2276211037
SAU,Saudi Arabia,NY.GDP.PCAP.CD,2023,36156.8562500172
SDN,Sudan,NY.GDP.PCAP.CD,2021,712.122009277344
SDN,Sudan,NY.GDP.PCAP.CD,2022,1046.24084472656
SDN,Sudan,NY.GDP.PCAP.CD,2023,797.283447265625
SEN,Senegal,NY.GDP.PCAP.CD,2021,1598.10676952274
SEN,Senegal,NY.GDP.PCAP.CD,2022,1574.0281059306
SEN,Senegal,NY.GDP.PCAP.CD,2023,1698.03387300843
SGP,Singapore,NY.GDP.PCAP.CD,2021,80884.8565369236
SGP,Singapore,NY.GDP.PCAP.CD,2022,91227.6970426492
SGP,Singapore,NY.GDP.PCAP.CD,2023,86382.5900499252
SLB,Solomon Islands,NY.GDP.PCAP.CD,2021,2043.44413170658
SLB,Solomon Islands,NY.GDP.PCAP.CD,2022,1877.78104490956
SLB,Solomon Islands,NY.GDP.PCAP.CD,2023,1882.64394148042
SLE,Sierra Leone,NY.GDP.PCAP.CD,2021,885.396401613729
SLE,Sierra Leone,NY.GDP.PCAP.CD,2022,860.371067874555
SLE,Sierra Leone,NY.GDP.PCAP.CD,2023,758.329137301888
SLV,El Salvador,NY.GDP.PCAP.CD,2021,4642.60743101342
SLV,El Salvador,NY.GDP.PCAP.CD,2022,5074.60050994225
SLV,El Salvador,NY.GDP.PCAP.CD,2023,5319.7195268688
SMR,San Marino,NY.GDP.PCAP.CD,2021,54168.9744311193
SMR,San Marino,NY.GDP.PCAP.CD,2022,54264.5837022908
SMR,San Marino,NY.GDP.PCAP.CD,2023,59871.3288101478
SOM,"Somalia, Fed. Rep.",NY.GDP.PCAP.CD,2021,549.056994756254
SOM,"Somalia, Fed. Rep.",NY.GDP.PCAP.CD,2022,573.141165798229
SOM,"Somalia, Fed. Rep.",NY.GDP.PCAP.CD,2023,596.885985135589
SRB,Serbia,NY.GDP.PCAP.CD,2021,9680.52798074468
SRB,Serbia,NY.GDP.PCAP.CD,2022,10024.8191112596
SRB,Serbia,NY.GDP.PCAP.CD,2023,12281.707946167
SSA,Sub-Saharan Africa (excluding high income),NY.GDP.PCAP.CD,2021,1784.88774854725
SSA,Sub-Saharan Africa (excluding high income),NY.GDP.PCAP.CD,2022,1863.26040059117
SSA,Sub-Saharan Africa (excluding high income),NY.GDP.PCAP.CD,2023,1680.66097936273
SSD,South Sudan,NY.GDP.PCAP.CD,2021,
SSD,South Sudan,NY.GDP.PCAP.CD,2022,
SSD,South Sudan,NY.GDP.PCAP.CD,2023,
SSF,Sub-Saharan Africa,NY.GDP.PCAP.CD,2021,1785.98118191144
SSF,Sub-Saharan Africa,NY.GDP.PCAP.CD,2022,1864.70686111925
SSF,Sub-Saharan Africa,NY.GDP.PCAP.CD,2023,1682.2261488119
SST,Small states,NY.GDP.PCAP.CD,2021,12435.8612830054
SST,Small states,NY.GDP.PCAP.CD,2022,13644.5029834497
SST,Small states,NY.GDP.PCAP.CD,2023,14360.785757405
STP,Sao Tome and Principe,NY.GDP.PCAP.CD,2021,2362.58827248102
STP,Sao Tome and Principe,NY.GDP.PCAP.CD,2022,2389.73729784737
STP,Sao Tome and Principe,NY.GDP.PCAP.CD,2023,2990.6606143535
SUR,Suriname,NY.GDP.PCAP.CD,2021,5029.84838543953
SUR,Suriname,NY.GDP.PCAP.CD,2022,6084.43876736445
SUR,Suriname,NY.GDP.PCAP.CD,2023,5521.97602122638
SVK,Slovak Republic,NY.GDP.PCAP.CD,2021,22123.3342114545
SVK,Slovak Republic,NY.GDP.PCAP.CD,2022,21317.7943982363
SVK,Slovak Republic,NY.GDP.PCAP.CD,2023,24614.8734642794
SVN,Slovenia,NY.GDP.PCAP.CD,2021,29192.8401933019
SVN,Slovenia,NY.GDP.PCAP.CD,2022,28360.3041467268
SVN,Slovenia,NY.GDP.PCAP.CD,2023,32660.4753581346
SWE,Sweden,NY.GDP.PCAP.CD,2021,60647.5416365347
SWE,Sweden,NY.GDP.PCAP.CD,2022,54836.8907235124
SWE,Sweden,NY.GDP.PCAP.CD,2023,54950.2834725622
SWZ,Eswatini,NY.GDP.PCAP.CD,2021,3984.00229174306
SWZ,Eswatini,NY.GDP.PCAP.CD,2022,3894.1620089869
SWZ,Eswatini,NY.GDP.PCAP.CD,2023,3755.52111232464
SXM,Sint Maarten (Dutch part),NY.GDP.PCAP.CD,2021,32548.4366854902
SXM,Sint Maarten (Dutch part),NY.GDP.PCAP.CD,2022,37793.1283815826
SXM,Sint Maarten (Dutch part),NY.GDP.PCAP.CD,2023,39451.822911732
SYC,Seychelles,NY.GDP.PCAP.CD,2021,14982.9111487767
SYC,Seychelles,NY.GDP.PCAP.CD,2022,16682.6990711785
SYC,Seychelles,NY.GDP.PCAP.CD,2023,18130.5297135548
SYR,Syrian Arab Republic,NY.GDP.PCAP.CD,2021,688.566109726934
SYR,Syrian Arab Republic,NY.GDP.PCAP.CD,2022,1056.78264718197
SYR,Syrian Arab Republic,NY.GDP.PCAP.CD,2023,
TCA,Turks and Caicos Islands,NY.GDP.PCAP.CD,2021,27329.2885087196
TCA,Turks and Caicos Islands,NY.GDP.PCAP.CD,2022,31280.5418020808
TCA,Turks and Caicos Islands,NY.GDP.PCAP.CD,2023,35470.2151608295
TCD,Chad,NY.GDP.PCAP.CD,2021,946.358500208374
TCD,Chad,NY.GDP.PCAP.CD,2022,966.036468278568
TCD,Chad,NY.GDP.PCAP.CD,2023,949.991054236266
TEA,East Asia & Pacific (IDA & IBRD countries),NY.GDP.PCAP.CD,2021,10086.4082581275
TEA,East Asia & Pacific (IDA & IBRD countries),NY.GDP.PCAP.CD,2022,10220.556668162
TEA,East Asia & Pacific (IDA & IBRD countries),NY.GDP.PCAP.CD,2023,10240.3474676862
TEC,Europe & Central Asia (IDA & IBRD countries),NY.GDP.PCAP.CD,2021,9992.00521619821
TEC,Europe & Central Asia (IDA & IBRD countries),NY.GDP.PCAP.CD,2022,11422.1622613514
TEC,Europe & Central Asia (IDA & IBRD countries),NY.GDP.PCAP.CD,2023,12070.5942969794
TGO,Togo,NY.GDP.PCAP.CD,2021,1076.29520076949
TGO,Togo,NY.GDP.PCAP.CD,2022,1071.61539220759
TGO,Togo,NY.GDP.PCAP.CD,2023,1182.32951436696
THA,Thailand,NY.GDP.PCAP.CD,2021,7055.18760721422
THA,Thailand,NY.GDP.PCAP.CD,2022,6910.00995211206
THA,Thailand,NY.GDP.PCAP.CD,2023,7210.54130832685
TJK,Tajikistan,NY.GDP.PCAP.CD,2021,896.748053372182
TJK,Tajikistan,NY.GDP.PCAP.CD,2022,1052.17949484894
TJK,Tajikistan,NY.GDP.PCAP.CD,2023,1178.47990060249
TKM,Turkmenistan,NY.GDP.PCAP.CD,2021,3713.20113171765
TKM,Turkmenistan,NY.GDP.PCAP.CD,2022,5198.18947409551
TKM,Turkmenistan,NY.GDP.PCAP.CD,2023,5298.46421949276
TLA,Latin America & the Caribbean (IDA & IBRD countries),NY.GDP.PCAP.CD,2021,8076.87634033776
TLA,Latin America & the Caribbean (IDA & IBRD countries),NY.GDP.PCAP.CD,2022,9177.79711881332
TLA,Latin America & the Caribbean (IDA & IBRD countries),NY.GDP.PCAP.CD,2023,10259.5487208892
TLS,Timor-Leste,NY.GDP.PCAP.CD,2021,2684.92673717299
TLS,Timor-Leste,NY.GDP.PCAP.CD,2022,2343.24955542816
TLS,Timor-Leste,NY.GDP.PCAP.CD,2023,1502.4114958903
TMN,"Middle East, North Africa, Afghanistan & Pakistan (IDA & IBRD)",NY.GDP.PCAP.CD,2021,2754.03924421055
TMN,"Middle East, North Africa, Afghanistan & Pakistan (IDA & IBRD)",NY.GDP.PCAP.CD,2022,3017.03706401547
TMN,"Middle East, North Africa, Afghanistan & Pakistan (IDA & IBRD)",NY.GDP.PCAP.CD,2023,2867.14499885351
TON,Tonga,NY.GDP.PCAP.CD,2021,4922.8015864044
TON,Tonga,NY.GDP.PCAP.CD,2022,5298.01942454298
TON,Tonga,NY.GDP.PCAP.CD,2023,5651.59357939286
TSA,South Asia (IDA & IBRD),NY.GDP.PCAP.CD,2021,2273.72055805692
TSA,South Asia (IDA & IBRD),NY.GDP.PCAP.CD,2022,2326.72890585805
TSA,South Asia (IDA & IBRD),NY.GDP.PCAP.CD,2023,2449.857142451
TSS,Sub-Saharan Africa (IDA & IBRD countries),NY.GDP.PCAP.CD,2021,1785.98118191144
TSS,Sub-Saharan Africa (IDA & IBRD countries),NY.GDP.PCAP.CD,2022,1864.70686111924
TSS,Sub-Saharan Africa (IDA & IBRD countries),NY.GDP.PCAP.CD,2023,1682.2261488119
TTO,Trinidad and Tobago,NY.GDP.PCAP.CD,2021,17712.5674104655
TTO,Trinidad and Tobago,NY.GDP.PCAP.CD,2022,20750.5202434652
TTO,Trinidad and Tobago,NY.GDP.PCAP.CD,2023,18308.4536298575
TUN,Tunisia,NY.GDP.PCAP.CD,2021,3906.93926319391
TUN,Tunisia,NY.GDP.PCAP.CD,2022,3707.29283414381
TUN,Tunisia,NY.GDP.PCAP.CD,2023,3951.11683376921
TUR,Turkiye,NY.GDP.PCAP.CD,2021,9981.76398411336
TUR,Turkiye,NY.GDP.PCAP.CD,2022,10897.8397861365
TUR,Turkiye,NY.GDP.PCAP.CD,2023,13375.0947282864
TUV,Tuvalu,NY.GDP.PCAP.CD,2021,6042.51983141155
TUV,Tuvalu,NY.GDP.PCAP.CD,2022,5414.74642912412
TUV,Tuvalu,NY.GDP.PCAP.CD,2023,5143.8397437226
TZA,Tanzania,NY.GDP.PCAP.CD,2021,1159.85656738281
TZA,Tanzania,NY.GDP.PCAP.CD,2022,1207.52062988281
TZA,Tanzania,NY.GDP.PCAP.CD,2023,1224.00219726563
UGA,Uganda,NY.GDP.PCAP.CD,2021,882.791717542504
UGA,Uganda,NY.GDP.PCAP.CD,2022,963.067314117178
UGA,Uganda,NY.GDP.PCAP.CD,2023,1002.30913917142
UKR,Ukraine,NY.GDP.PCAP.CD,2021,4775.94580078125
UKR,Ukraine,NY.GDP.PCAP.CD,2022,4199.6708984375
UKR,Ukraine,NY.GDP.PCAP.CD,2023,5139.59814453125
URY,Uruguay,NY.GDP.PCAP.CD,2021,17881.8119616753
URY,Uruguay,NY.GDP.PCAP.CD,2022,21009.2883798725
URY,Uruguay,NY.GDP.PCAP.CD,2023,23378.6399733516
USA,United States,NY.GDP.PCAP.CD,2021,71441.2319805947
USA,United States,NY.GDP.PCAP.CD,2022,78008.6895811877
USA,United States,NY.GDP.PCAP.CD,2023,82586.7847707894
UZB,Uzbekistan,NY.GDP.PCAP.CD,2021,2370.36480555669
UZB,Uzbekistan,NY.GDP.PCAP.CD,2022,2698.60262953369
UZB,Uzbekistan,NY.GDP.PCAP.CD,2023,3015.97705069457
VCT,St. Vincent and the Grenadines,NY.GDP.PCAP.CD,2021,8641.27904024443
VCT,St. Vincent and the Grenadines,NY.GDP.PCAP.CD,2022,9693.55867833025
VCT,St. Vincent and the Grenadines,NY.GDP.PCAP.CD,2023,10582.3656725229
VEN,"Venezuela, RB",NY.GDP.PCAP.CD,2021,2004.93572921136
VEN,"Venezuela, RB",NY.GDP.PCAP.CD,2022,3155.04190923584
VEN,"Venezuela, RB",NY.GDP.PCAP.CD,2023,3617.47038396528
VGB,British Virgin Islands,NY.GDP.PCAP.CD,2021,
VGB,British Virgin Islands,NY.GDP.PCAP.CD,2022,
VGB,British Virgin Islands,NY.GDP.PCAP.CD,2023,
VIR,Virgin Islands (U.S.),NY.GDP.PCAP.CD,2021,42571.0777368471
VIR,Virgin Islands (U.S.),NY.GDP.PCAP.CD,2022,44320.909185774
VIR,Virgin Islands (U.S.),NY.GDP.PCAP.CD,2023,
VNM,Viet Nam,NY.GDP.PCAP.CD,2021,3704.1935590038
VNM,Viet Nam,NY.GDP.PCAP.CD,2022,4147.69777213621
VNM,Viet Nam,NY.GDP.PCAP.CD,2023,4322.82572261566
VUT,Vanuatu,NY.GDP.PCAP.CD,2021,3576.13770954363
VUT,Vanuatu,NY.GDP.PCAP.CD,2022,3679.53524327491
VUT,Vanuatu,NY.GDP.PCAP.CD,2023,3708.18942411253
WLD,World,NY.GDP.PCAP.CD,2021,12472.9074157191
WLD,World,NY.GDP.PCAP.CD,2022,12876.2377124072
WLD,World,NY.GDP.PCAP.CD,2023,13313.8575826001
WSM,Samoa,NY.GDP.PCAP.CD,2021,4021.55934894283
WSM,Samoa,NY.GDP.PCAP.CD,2022,4132.44717734444
WSM,Samoa,NY.GDP.PCAP.CD,2023,4822.74084650019
XKX,Kosovo,NY.GDP.PCAP.CD,2021,5269.69946181439
XKX,Kosovo,NY.GDP.PCAP.CD,2022,5298.1473871027
XKX,Kosovo,NY.GDP.PCAP.CD,2023,6220.33213919344
YEM,"Yemen, Rep.",NY.GDP.PCAP.CD,2021,
YEM,"Yemen, Rep.",NY.GDP.PCAP.CD,2022,
YEM,"Yemen, Rep.",NY.GDP.PCAP.CD,2023,
ZAF,South Africa,NY.GDP.PCAP.CD,2021,6828.75624590017
ZAF,South Africa,NY.GDP.PCAP.CD,2022,6534.24867783397
ZAF,South Africa,NY.GDP.PCAP.CD,2023,6034.27208964673
ZMB,Zambia,NY.GDP.PCAP.CD,2021,1127.16077872857
ZMB,Zambia,NY.GDP.PCAP.CD,2022,1447.12310138035
ZMB,Zambia,NY.GDP.PCAP.CD,2023,1330.72780576709
ZWE,Zimbabwe,NY.GDP.PCAP.CD,2021,2613.6167414057
ZWE,Zimbabwe,NY.GDP.PCAP.CD,2022,2536.40197087505
ZWE,Zimbabwe,NY.GDP.PCAP.CD,2023,2195.22502010174
